id,duration_months,credit_amount,installment_rate,present_residence_since,age_years,number_existing_credits,checking_status,credit_history,purpose,savings_account,present_employment_since,debtors_guarantors,property,installment_plans,housing,job,number_people_liable,telephone,foreign_worker,gender,label
0,6,1169,4,4,67,2,A11,A34,A43,A65,A75,A101,A121,A143,A152,A173,1,A192,A201,male,0
1,48,5951,2,2,22,1,A12,A32,A43,A61,A73,A101,A121,A143,A152,A173,1,A191,A201,female,1
2,12,2096,2,3,49,1,A14,A34,A46,A61,A74,A101,A121,A143,A152,A172,2,A191,A201,male,0
3,42,7882,2,4,45,1,A11,A32,A42,A61,A74,A103,A122,A143,A153,A173,2,A191,A201,male,0
4,24,4870,3,4,53,2,A11,A33,A40,A61,A73,A101,A124,A143,A153,A173,2,A191,A201,male,1
5,36,9055,2,4,35,1,A14,A32,A46,A65,A73,A101,A124,A143,A153,A172,2,A192,A201,male,0
6,24,2835,3,4,53,1,A14,A32,A42,A63,A75,A101,A122,A143,A152,A173,1,A191,A201,male,0
7,36,6948,2,2,35,1,A12,A32,A41,A61,A73,A101,A123,A143,A151,A174,1,A192,A201,male,0
8,12,3059,2,4,61,1,A14,A32,A43,A64,A74,A101,A121,A143,A152,A172,1,A191,A201,male,0
9,30,5234,4,2,28,2,A12,A34,A40,A61,A71,A101,A123,A143,A152,A174,1,A191,A201,male,1
10,12,1295,3,1,25,1,A12,A32,A40,A61,A72,A101,A123,A143,A151,A173,1,A191,A201,female,1
11,48,4308,3,4,24,1,A11,A32,A49,A61,A72,A101,A122,A143,A151,A173,1,A191,A201,female,1
12,12,1567,1,1,22,1,A12,A32,A43,A61,A73,A101,A123,A143,A152,A173,1,A192,A201,female,0
13,24,1199,4,4,60,2,A11,A34,A40,A61,A75,A101,A123,A143,A152,A172,1,A191,A201,male,1
14,15,1403,2,4,28,1,A11,A32,A40,A61,A73,A101,A123,A143,A151,A173,1,A191,A201,female,0
15,24,1282,4,2,32,1,A11,A32,A43,A62,A73,A101,A123,A143,A152,A172,1,A191,A201,female,1
16,24,2424,4,4,53,2,A14,A34,A43,A65,A75,A101,A122,A143,A152,A173,1,A191,A201,male,0
17,30,8072,2,3,25,3,A11,A30,A49,A65,A72,A101,A123,A141,A152,A173,1,A191,A201,male,0
18,24,12579,4,2,44,1,A12,A32,A41,A61,A75,A101,A124,A143,A153,A174,1,A192,A201,female,1
19,24,3430,3,2,31,1,A14,A32,A43,A63,A75,A101,A123,A143,A152,A173,2,A192,A201,male,0
20,9,2134,4,4,48,3,A14,A34,A40,A61,A73,A101,A123,A143,A152,A173,1,A192,A201,male,0
21,6,2647,2,3,44,1,A11,A32,A43,A63,A73,A101,A121,A143,A151,A173,2,A191,A201,male,0
22,10,2241,1,3,48,2,A11,A34,A40,A61,A72,A101,A121,A143,A151,A172,2,A191,A202,male,0
23,12,1804,3,4,44,1,A12,A34,A41,A62,A72,A101,A122,A143,A152,A173,1,A191,A201,male,0
24,10,2069,2,1,26,2,A14,A34,A42,A65,A73,A101,A123,A143,A152,A173,1,A191,A202,male,0
25,6,1374,1,2,36,1,A11,A32,A42,A61,A73,A101,A121,A141,A152,A172,1,A192,A201,male,0
26,6,426,4,4,39,1,A14,A30,A43,A61,A75,A101,A123,A143,A152,A172,1,A191,A201,male,0
27,12,409,3,3,42,2,A13,A31,A43,A64,A73,A101,A121,A143,A151,A173,1,A191,A201,female,0
28,7,2415,3,2,34,1,A12,A32,A43,A61,A73,A103,A121,A143,A152,A173,1,A191,A201,male,0
29,60,6836,3,4,63,2,A11,A33,A49,A61,A75,A101,A124,A143,A152,A173,1,A192,A201,male,1
30,18,1913,3,3,36,1,A12,A32,A49,A64,A72,A101,A121,A141,A152,A173,1,A192,A201,male,0
31,24,4020,2,2,27,1,A11,A32,A42,A61,A73,A101,A123,A142,A152,A173,1,A191,A201,male,0
32,18,5866,2,2,30,2,A12,A32,A40,A62,A73,A101,A123,A143,A152,A173,1,A192,A201,male,0
33,12,1264,4,4,57,1,A14,A34,A49,A65,A75,A101,A124,A143,A151,A172,1,A191,A201,male,0
34,12,1474,4,1,33,1,A13,A32,A42,A61,A72,A101,A122,A141,A152,A174,1,A192,A201,female,0
35,45,4746,4,2,25,2,A12,A34,A43,A61,A72,A101,A122,A143,A152,A172,1,A191,A201,male,1
36,48,6110,1,3,31,1,A14,A34,A46,A61,A73,A101,A124,A141,A153,A173,1,A192,A201,male,0
37,18,2100,4,2,37,1,A13,A32,A43,A61,A73,A102,A121,A142,A152,A173,1,A191,A201,male,1
38,10,1225,2,2,37,1,A13,A32,A44,A61,A73,A101,A123,A143,A152,A173,1,A192,A201,male,0
39,9,458,4,3,24,1,A12,A32,A43,A61,A73,A101,A121,A143,A152,A173,1,A191,A201,male,0
40,30,2333,4,2,30,1,A14,A32,A43,A63,A75,A101,A123,A141,A152,A174,1,A191,A201,male,0
41,12,1158,3,1,26,1,A12,A32,A43,A63,A73,A101,A123,A143,A152,A173,1,A192,A201,male,0
42,18,6204,2,4,44,1,A12,A33,A45,A61,A73,A101,A121,A143,A152,A172,2,A192,A201,male,0
43,30,6187,1,4,24,2,A11,A34,A41,A62,A74,A101,A123,A143,A151,A173,1,A191,A201,male,0
44,48,6143,4,4,58,2,A11,A34,A41,A61,A75,A101,A124,A142,A153,A172,1,A191,A201,female,1
45,11,1393,4,4,35,2,A14,A34,A40,A61,A72,A101,A123,A143,A152,A174,1,A191,A201,female,0
46,36,2299,4,4,39,1,A14,A32,A43,A63,A75,A101,A123,A143,A152,A173,1,A191,A201,male,0
47,6,1352,1,2,23,1,A11,A32,A41,A63,A71,A101,A122,A143,A151,A171,1,A192,A201,female,0
48,11,7228,1,4,39,2,A14,A34,A40,A61,A73,A101,A122,A143,A152,A172,1,A191,A201,male,0
49,12,2073,4,2,28,1,A14,A32,A43,A62,A73,A102,A121,A143,A152,A173,1,A191,A201,female,0
50,24,2333,4,2,29,1,A12,A33,A42,A65,A72,A101,A122,A141,A152,A172,1,A191,A201,male,0
51,27,5965,1,2,30,2,A12,A33,A41,A61,A75,A101,A123,A143,A152,A174,1,A192,A201,male,0
52,12,1262,3,2,25,1,A14,A32,A43,A61,A73,A101,A123,A143,A152,A173,1,A191,A201,male,0
53,18,3378,2,1,31,1,A14,A32,A41,A65,A73,A101,A122,A143,A152,A173,1,A192,A201,male,0
54,36,2225,4,4,57,2,A12,A33,A40,A61,A75,A101,A124,A141,A153,A173,1,A192,A201,male,1
55,6,783,1,2,26,1,A14,A31,A40,A65,A73,A103,A121,A142,A152,A172,2,A191,A201,male,0
56,12,6468,2,1,52,1,A12,A32,A43,A65,A71,A101,A124,A143,A152,A174,1,A192,A201,male,1
57,36,9566,2,2,31,2,A14,A34,A43,A61,A73,A101,A123,A142,A152,A173,1,A191,A201,female,0
58,18,1961,3,2,23,1,A13,A32,A40,A61,A75,A101,A123,A143,A152,A174,1,A191,A201,female,0
59,36,6229,4,4,23,2,A11,A34,A42,A61,A72,A102,A124,A143,A151,A172,1,A192,A201,female,1
60,9,1391,2,1,27,1,A12,A32,A49,A61,A73,A101,A121,A141,A152,A173,1,A192,A201,male,0
61,15,1537,4,4,50,2,A12,A34,A43,A65,A75,A103,A121,A143,A152,A173,1,A192,A201,male,0
62,36,1953,4,4,61,1,A12,A30,A49,A61,A75,A101,A124,A143,A153,A174,1,A192,A201,male,1
63,48,14421,2,2,25,1,A12,A30,A49,A61,A73,A101,A123,A143,A152,A173,1,A192,A201,male,1
64,24,3181,4,4,26,1,A14,A32,A43,A61,A72,A101,A122,A143,A152,A173,1,A192,A201,female,0
65,27,5190,4,4,48,4,A14,A32,A45,A65,A75,A101,A122,A143,A152,A173,2,A192,A201,male,0
66,12,2171,2,2,29,1,A14,A32,A43,A61,A72,A101,A123,A141,A152,A173,1,A191,A201,female,0
67,12,1007,4,1,22,1,A12,A32,A40,A64,A73,A101,A121,A143,A152,A173,1,A191,A201,male,0
68,36,1819,4,4,37,1,A14,A32,A46,A61,A73,A101,A124,A142,A153,A173,1,A192,A201,male,1
69,36,2394,4,4,25,1,A14,A32,A43,A65,A73,A101,A123,A143,A152,A173,1,A191,A201,female,0
70,36,8133,1,2,30,1,A14,A32,A41,A61,A73,A101,A122,A141,A152,A173,1,A191,A201,female,0
71,7,730,4,2,46,2,A14,A34,A43,A65,A75,A101,A122,A143,A151,A172,1,A192,A201,male,0
72,8,1164,3,4,51,2,A11,A34,A410,A61,A75,A101,A124,A141,A153,A174,2,A192,A201,male,0
73,42,5954,2,1,41,2,A12,A34,A49,A61,A74,A101,A121,A141,A152,A172,1,A191,A201,female,0
74,36,1977,4,4,40,1,A11,A32,A46,A65,A75,A101,A124,A143,A152,A174,1,A192,A201,male,1
75,12,1526,4,4,66,2,A11,A34,A41,A61,A75,A101,A124,A143,A153,A174,1,A191,A201,male,0
76,42,3965,4,3,34,1,A11,A32,A43,A61,A72,A101,A123,A143,A152,A173,1,A191,A201,male,1
77,11,4771,2,4,51,1,A12,A33,A43,A61,A74,A101,A122,A143,A152,A173,1,A191,A201,male,0
78,54,9436,2,2,39,1,A14,A30,A41,A65,A73,A101,A122,A143,A152,A172,2,A191,A201,male,0
79,30,3832,2,1,22,1,A12,A32,A42,A61,A72,A101,A122,A143,A152,A173,1,A191,A201,male,0
80,24,5943,1,1,44,2,A14,A32,A43,A65,A72,A101,A123,A143,A152,A173,1,A192,A201,female,1
81,15,1213,4,3,47,1,A14,A32,A43,A63,A75,A101,A122,A142,A152,A173,1,A192,A201,male,0
82,18,1568,3,4,24,1,A14,A32,A49,A62,A73,A101,A122,A143,A151,A172,1,A191,A201,female,0
83,24,1755,4,4,58,1,A11,A32,A410,A61,A75,A103,A121,A143,A152,A172,1,A192,A201,female,0
84,10,2315,3,4,52,1,A11,A32,A43,A61,A75,A101,A121,A143,A152,A172,1,A191,A201,male,0
85,12,1412,4,2,29,2,A14,A34,A49,A61,A73,A103,A121,A143,A152,A174,1,A192,A201,female,0
86,18,1295,4,1,27,2,A12,A34,A42,A61,A72,A101,A122,A143,A152,A173,1,A191,A201,female,0
87,36,12612,1,4,47,1,A12,A32,A46,A62,A73,A101,A124,A143,A153,A173,2,A192,A201,male,1
88,18,2249,4,3,30,1,A11,A32,A40,A62,A74,A101,A123,A143,A152,A174,2,A192,A201,male,0
89,12,1108,4,3,28,2,A11,A30,A45,A61,A74,A101,A121,A143,A152,A173,1,A191,A201,male,1
90,12,618,4,4,56,1,A14,A34,A43,A61,A75,A101,A121,A143,A152,A173,1,A191,A201,male,0
91,12,1409,4,3,54,1,A11,A34,A41,A61,A75,A101,A121,A143,A152,A173,1,A191,A201,male,0
92,12,797,4,3,33,1,A14,A34,A43,A65,A75,A101,A122,A141,A152,A172,2,A191,A201,female,1
93,24,3617,4,4,20,2,A13,A34,A42,A65,A75,A102,A124,A143,A151,A173,1,A191,A201,male,0
94,12,1318,4,4,54,1,A12,A32,A40,A64,A75,A101,A121,A143,A152,A173,1,A192,A201,male,0
95,54,15945,3,4,58,1,A12,A30,A49,A61,A72,A101,A124,A143,A151,A173,1,A192,A201,male,1
96,12,2012,4,2,61,1,A14,A34,A46,A65,A74,A101,A123,A143,A152,A173,1,A191,A201,female,0
97,18,2622,4,4,34,1,A12,A32,A49,A62,A73,A101,A123,A143,A152,A173,1,A191,A201,male,0
98,36,2337,4,4,36,1,A12,A34,A43,A61,A75,A101,A121,A143,A152,A173,1,A191,A201,male,0
99,20,7057,3,4,36,2,A12,A33,A41,A65,A74,A101,A122,A141,A151,A174,2,A192,A201,male,0
100,24,1469,4,4,41,1,A14,A32,A40,A62,A75,A101,A121,A143,A151,A172,1,A191,A201,male,0
101,36,2323,4,4,24,1,A12,A32,A43,A61,A74,A101,A123,A143,A151,A173,1,A191,A201,male,0
102,6,932,3,2,24,1,A14,A33,A43,A61,A73,A101,A121,A143,A152,A173,1,A191,A201,female,0
103,9,1919,4,3,35,1,A12,A34,A42,A61,A74,A101,A123,A143,A151,A173,1,A192,A201,male,0
104,12,2445,2,4,26,1,A14,A32,A41,A65,A72,A101,A123,A143,A151,A173,1,A192,A201,male,0
105,24,11938,2,3,39,2,A12,A34,A410,A61,A73,A102,A123,A143,A152,A174,2,A192,A201,male,1
106,18,6458,2,4,39,2,A14,A31,A40,A61,A75,A101,A124,A141,A152,A174,2,A192,A201,male,1
107,12,6078,2,2,32,1,A12,A32,A40,A61,A74,A101,A123,A143,A152,A173,1,A191,A201,male,0
108,24,7721,1,2,30,1,A11,A32,A42,A65,A72,A101,A122,A143,A152,A173,1,A192,A202,female,0
109,14,1410,1,2,35,1,A12,A32,A49,A63,A75,A101,A121,A143,A152,A173,1,A192,A201,male,0
110,6,1449,1,2,31,2,A12,A33,A49,A62,A75,A101,A123,A141,A152,A173,2,A191,A201,male,0
111,15,392,4,4,23,1,A13,A32,A46,A61,A72,A101,A122,A143,A151,A173,1,A192,A201,female,0
112,18,6260,3,3,28,1,A12,A32,A40,A61,A74,A101,A121,A143,A151,A172,1,A191,A201,male,0
113,36,7855,4,2,25,2,A14,A34,A40,A61,A73,A101,A121,A142,A152,A173,1,A192,A201,female,1
114,12,1680,3,1,35,1,A11,A32,A43,A63,A75,A101,A121,A143,A152,A173,1,A191,A201,male,0
115,48,3578,4,1,47,1,A14,A34,A43,A65,A75,A101,A121,A143,A152,A173,1,A192,A201,male,0
116,42,7174,4,3,30,1,A11,A32,A43,A65,A74,A101,A123,A143,A152,A174,1,A192,A201,female,1
117,10,2132,2,3,27,2,A11,A34,A42,A65,A72,A102,A121,A143,A151,A173,1,A191,A202,female,0
118,33,4281,1,4,23,2,A11,A34,A42,A63,A73,A101,A123,A143,A152,A173,1,A191,A201,female,1
119,12,2366,3,3,36,1,A12,A34,A40,A63,A74,A101,A123,A143,A152,A174,1,A192,A201,male,0
120,21,1835,3,2,25,2,A11,A32,A43,A61,A73,A101,A121,A143,A152,A173,1,A192,A201,female,1
121,24,3868,4,2,41,2,A14,A34,A41,A61,A75,A101,A123,A143,A151,A174,1,A192,A201,female,0
122,12,1768,3,2,24,1,A14,A32,A42,A61,A73,A101,A121,A143,A151,A172,1,A191,A201,male,0
123,10,781,4,4,63,2,A13,A34,A40,A61,A75,A101,A124,A143,A153,A173,1,A192,A201,male,0
124,18,1924,4,3,27,1,A12,A32,A42,A65,A72,A101,A121,A143,A151,A173,1,A191,A201,female,1
125,12,2121,4,2,30,2,A11,A34,A40,A61,A73,A101,A122,A143,A152,A173,1,A191,A201,male,0
126,12,701,4,2,40,1,A11,A32,A43,A61,A73,A101,A121,A143,A152,A172,1,A191,A201,male,0
127,12,639,4,2,30,1,A12,A32,A45,A61,A73,A101,A123,A143,A152,A173,1,A191,A201,male,1
128,12,1860,4,2,34,2,A12,A34,A41,A61,A71,A101,A123,A143,A152,A174,1,A192,A201,male,0
129,12,3499,3,2,29,2,A11,A34,A40,A61,A73,A102,A121,A143,A152,A173,1,A191,A201,female,1
130,48,8487,1,2,24,1,A12,A32,A40,A65,A74,A101,A123,A143,A152,A173,1,A191,A201,female,0
131,36,6887,4,3,29,1,A11,A33,A46,A61,A73,A101,A122,A142,A152,A173,1,A192,A201,male,1
132,15,2708,2,3,27,2,A14,A32,A42,A61,A72,A101,A122,A141,A152,A172,1,A191,A201,male,0
133,18,1984,4,4,47,2,A14,A32,A42,A61,A73,A101,A124,A141,A153,A173,1,A191,A201,male,0
134,60,10144,2,4,21,1,A14,A32,A43,A62,A74,A101,A121,A143,A152,A173,1,A192,A201,female,0
135,12,1240,4,2,38,2,A14,A34,A43,A65,A75,A101,A121,A143,A152,A173,1,A192,A201,female,0
136,27,8613,2,2,27,2,A14,A33,A41,A64,A73,A101,A123,A143,A152,A173,1,A191,A201,male,0
137,12,766,4,3,66,1,A12,A32,A43,A63,A73,A101,A121,A143,A152,A172,1,A191,A201,male,1
138,15,2728,4,2,35,3,A12,A34,A43,A65,A74,A103,A121,A141,A152,A173,1,A192,A201,male,0
139,12,1881,2,2,44,1,A13,A32,A43,A61,A73,A101,A123,A143,A151,A172,1,A192,A201,female,0
140,6,709,2,2,27,1,A13,A32,A40,A64,A72,A101,A121,A143,A152,A171,1,A191,A202,male,0
141,36,4795,4,1,30,1,A12,A32,A43,A61,A72,A101,A124,A143,A152,A174,1,A192,A201,female,0
142,27,3416,3,2,27,1,A11,A32,A43,A61,A73,A101,A123,A143,A152,A174,1,A191,A201,male,0
143,18,2462,2,2,22,1,A11,A32,A42,A61,A73,A101,A123,A143,A152,A173,1,A191,A201,male,1
144,21,2288,4,4,23,1,A14,A34,A42,A61,A72,A101,A122,A143,A152,A173,1,A192,A201,female,0
145,48,3566,4,2,30,1,A12,A31,A49,A62,A74,A101,A123,A143,A152,A173,1,A191,A201,male,0
146,6,860,1,4,39,2,A11,A34,A40,A61,A75,A101,A124,A143,A152,A173,1,A192,A201,female,0
147,12,682,4,3,51,2,A14,A34,A40,A62,A74,A101,A123,A143,A152,A173,1,A192,A201,female,0
148,36,5371,3,2,28,2,A11,A34,A42,A61,A73,A103,A122,A143,A152,A173,1,A191,A201,male,0
149,18,1582,4,4,46,2,A14,A34,A43,A64,A75,A101,A123,A143,A152,A173,1,A191,A201,male,0
150,6,1346,2,4,42,1,A14,A32,A43,A62,A75,A101,A124,A141,A153,A173,2,A192,A201,male,0
151,10,1924,1,4,38,1,A14,A32,A43,A61,A73,A101,A122,A143,A152,A173,1,A192,A202,male,0
152,36,5848,4,1,24,1,A13,A32,A43,A61,A73,A101,A123,A143,A152,A173,1,A191,A201,male,0
153,24,7758,2,4,29,1,A12,A34,A41,A64,A75,A101,A124,A143,A151,A173,1,A191,A201,female,0
154,24,6967,4,4,36,1,A12,A33,A49,A62,A74,A101,A123,A143,A151,A174,1,A192,A201,male,0
155,12,1282,2,4,20,1,A11,A32,A42,A61,A73,A101,A123,A143,A151,A173,1,A191,A201,female,1
156,9,1288,3,4,48,2,A11,A34,A45,A62,A75,A103,A121,A143,A152,A173,2,A191,A202,male,0
157,12,339,4,1,45,1,A11,A31,A48,A61,A75,A101,A123,A141,A152,A172,1,A191,A201,male,0
158,24,3512,2,3,38,2,A12,A32,A40,A62,A74,A101,A123,A141,A152,A173,1,A192,A201,male,0
159,6,1898,1,2,34,2,A14,A34,A43,A65,A73,A101,A121,A143,A152,A172,2,A191,A201,male,0
160,24,2872,3,4,36,1,A14,A34,A43,A62,A75,A101,A121,A143,A152,A173,2,A192,A201,male,0
161,18,1055,4,1,30,2,A14,A34,A40,A61,A72,A101,A122,A143,A152,A173,1,A191,A201,female,0
162,15,1262,4,3,36,2,A14,A32,A44,A63,A74,A101,A122,A143,A152,A173,1,A192,A201,male,0
163,10,7308,2,4,70,1,A12,A32,A40,A61,A71,A101,A124,A141,A153,A174,1,A192,A201,male,0
164,36,909,4,4,36,1,A14,A32,A40,A63,A75,A101,A122,A143,A152,A173,1,A191,A201,male,0
165,6,2978,1,2,32,1,A14,A32,A42,A63,A73,A101,A123,A143,A152,A173,1,A192,A201,male,0
166,18,1131,4,2,33,1,A11,A32,A42,A61,A71,A101,A123,A143,A152,A173,1,A191,A201,female,1
167,11,1577,4,1,20,1,A12,A32,A42,A64,A72,A101,A121,A143,A152,A173,1,A191,A201,female,0
168,24,3972,2,4,25,1,A14,A32,A42,A61,A74,A101,A122,A143,A151,A173,1,A192,A201,female,0
169,24,1935,4,4,31,2,A12,A34,A49,A61,A75,A101,A121,A143,A152,A173,1,A192,A201,male,1
170,15,950,4,3,33,2,A11,A30,A40,A61,A75,A101,A123,A143,A151,A173,2,A191,A201,male,1
171,12,763,4,1,26,1,A14,A32,A42,A61,A73,A101,A121,A143,A152,A173,1,A192,A201,female,0
172,24,2064,3,2,34,1,A12,A33,A42,A61,A71,A101,A122,A143,A152,A174,1,A192,A201,female,1
173,8,1414,4,2,33,1,A12,A32,A43,A61,A73,A103,A121,A143,A152,A173,1,A191,A202,male,0
174,21,3414,2,1,26,2,A11,A33,A46,A61,A72,A101,A122,A143,A152,A173,1,A191,A201,male,1
175,30,7485,4,1,53,1,A14,A31,A41,A65,A71,A101,A121,A141,A152,A174,1,A192,A201,female,1
176,12,2577,2,1,42,1,A11,A32,A42,A61,A73,A101,A123,A143,A152,A173,1,A191,A201,male,0
177,6,338,4,4,52,2,A11,A34,A43,A63,A75,A101,A123,A143,A152,A173,1,A191,A201,male,0
178,12,1963,4,2,31,2,A14,A32,A43,A61,A74,A101,A123,A143,A151,A174,2,A192,A201,male,0
179,21,571,4,4,65,2,A11,A34,A40,A61,A75,A101,A121,A143,A152,A173,1,A191,A201,male,0
180,36,9572,1,1,28,2,A14,A33,A49,A61,A72,A101,A123,A143,A152,A173,1,A191,A201,male,1
181,36,4455,2,2,30,2,A12,A33,A49,A61,A73,A101,A121,A142,A152,A174,1,A192,A201,male,1
182,21,1647,4,2,40,2,A11,A31,A40,A65,A73,A101,A122,A143,A152,A172,2,A191,A201,male,1
183,24,3777,4,4,50,1,A14,A34,A42,A64,A73,A101,A121,A143,A152,A173,1,A192,A201,male,0
184,18,884,4,4,36,1,A12,A34,A40,A61,A75,A101,A123,A141,A152,A173,2,A192,A201,male,1
185,15,1360,4,2,31,2,A14,A34,A43,A61,A73,A101,A122,A143,A152,A173,1,A191,A201,male,0
186,9,5129,2,4,74,1,A12,A31,A41,A61,A75,A101,A124,A141,A153,A174,2,A192,A201,female,1
187,16,1175,2,3,68,3,A12,A34,A40,A61,A71,A101,A123,A143,A153,A171,1,A192,A201,male,0
188,12,674,4,1,20,1,A11,A32,A43,A62,A74,A101,A122,A143,A152,A173,1,A191,A201,male,1
189,18,3244,1,4,33,2,A12,A30,A42,A61,A73,A101,A123,A141,A152,A173,1,A192,A201,female,0
190,24,4591,2,3,54,3,A14,A32,A49,A64,A73,A101,A122,A143,A152,A174,1,A192,A201,male,1
191,48,3844,4,4,34,1,A12,A30,A49,A62,A74,A101,A124,A143,A153,A172,2,A191,A201,male,1
192,27,3915,4,2,36,1,A12,A32,A49,A61,A73,A101,A123,A143,A152,A173,2,A192,A201,male,1
193,6,2108,2,2,29,1,A14,A32,A43,A61,A74,A101,A121,A143,A151,A173,1,A191,A201,male,0
194,45,3031,4,4,21,1,A12,A32,A43,A62,A73,A103,A122,A143,A151,A173,1,A191,A201,male,1
195,9,1501,2,3,34,2,A12,A34,A46,A61,A75,A101,A123,A143,A152,A174,1,A192,A201,female,1
196,6,1382,1,1,28,2,A14,A34,A43,A61,A73,A101,A123,A143,A152,A173,1,A192,A201,female,0
197,12,951,4,4,27,4,A12,A32,A42,A62,A72,A101,A123,A141,A151,A173,1,A191,A201,female,1
198,24,2760,4,4,36,1,A12,A32,A41,A65,A75,A101,A124,A141,A153,A173,1,A192,A201,male,0
199,18,4297,4,3,40,1,A12,A33,A42,A61,A75,A101,A124,A143,A152,A174,1,A192,A201,male,1
200,9,936,4,2,52,2,A14,A34,A46,A63,A75,A101,A123,A143,A152,A173,1,A192,A201,male,0
201,12,1168,4,3,27,1,A11,A32,A40,A61,A73,A101,A121,A143,A152,A172,1,A191,A201,male,0
202,27,5117,3,4,26,2,A14,A33,A49,A61,A74,A101,A123,A143,A152,A173,1,A191,A201,male,0
203,12,902,4,4,21,1,A11,A32,A48,A61,A74,A101,A122,A143,A151,A173,1,A191,A201,male,1
204,12,1495,4,1,38,2,A14,A34,A40,A61,A75,A101,A121,A143,A152,A172,2,A191,A201,male,0
205,30,10623,3,4,38,3,A11,A34,A41,A61,A75,A101,A124,A143,A153,A174,2,A192,A201,male,0
206,12,1935,4,4,43,3,A14,A34,A42,A61,A75,A101,A121,A143,A152,A173,1,A192,A201,male,0
207,12,1424,4,3,26,1,A12,A34,A44,A61,A74,A101,A122,A143,A152,A173,1,A191,A201,male,0
208,24,6568,2,2,21,1,A11,A32,A49,A61,A73,A101,A123,A142,A152,A172,1,A191,A201,male,0
209,12,1413,3,2,55,1,A14,A32,A41,A64,A74,A101,A122,A143,A152,A173,1,A191,A202,male,0
210,9,3074,1,2,33,2,A14,A34,A43,A65,A73,A101,A121,A143,A152,A173,2,A191,A201,male,0
211,36,3835,2,4,45,1,A14,A32,A43,A65,A75,A101,A121,A143,A152,A172,1,A192,A201,female,0
212,27,5293,2,4,50,2,A11,A30,A49,A61,A71,A101,A122,A142,A152,A173,1,A192,A201,male,1
213,30,1908,4,4,66,1,A13,A33,A49,A61,A75,A101,A121,A143,A152,A174,1,A192,A201,male,1
214,36,3342,4,2,51,1,A14,A34,A43,A65,A75,A101,A123,A143,A152,A173,1,A192,A201,male,0
215,6,932,1,3,39,2,A12,A34,A48,A65,A74,A101,A122,A143,A152,A172,1,A191,A201,female,0
216,18,3104,3,1,31,1,A11,A30,A49,A61,A74,A101,A122,A141,A152,A173,1,A192,A201,male,0
217,36,3913,2,2,23,1,A13,A32,A43,A61,A73,A101,A121,A143,A152,A173,1,A192,A201,male,0
218,24,3021,2,2,24,1,A11,A32,A42,A61,A73,A101,A121,A143,A151,A172,1,A191,A201,male,0
219,10,1364,2,4,64,1,A14,A32,A40,A61,A73,A101,A123,A143,A152,A173,1,A192,A201,female,0
220,12,625,4,1,26,1,A12,A32,A43,A61,A72,A103,A121,A141,A152,A172,1,A191,A201,male,0
221,12,1200,4,4,23,1,A11,A32,A46,A65,A73,A101,A122,A141,A151,A173,1,A192,A201,female,0
222,12,707,4,2,30,2,A14,A32,A43,A61,A73,A101,A121,A141,A152,A173,1,A191,A201,male,0
223,24,2978,4,4,32,2,A14,A33,A49,A65,A73,A101,A121,A143,A152,A173,2,A192,A201,male,0
224,15,4657,3,2,30,1,A14,A32,A41,A61,A73,A101,A123,A143,A152,A173,1,A192,A201,male,0
225,36,2613,4,2,27,2,A14,A30,A45,A61,A73,A101,A123,A143,A152,A173,1,A191,A201,male,0
226,48,10961,1,2,27,2,A12,A32,A43,A64,A74,A102,A124,A141,A152,A173,1,A192,A201,male,1
227,12,7865,4,4,53,1,A11,A32,A42,A61,A75,A101,A124,A143,A153,A174,1,A192,A201,male,1
228,9,1478,4,2,22,1,A14,A32,A43,A61,A74,A101,A123,A143,A152,A173,1,A191,A201,male,1
229,24,3149,4,1,22,1,A11,A32,A42,A61,A72,A101,A124,A141,A153,A173,1,A191,A201,male,0
230,36,4210,4,2,26,1,A13,A32,A43,A61,A73,A101,A123,A143,A152,A173,1,A191,A201,male,1
231,9,2507,2,4,51,1,A14,A32,A40,A63,A75,A101,A124,A143,A153,A172,1,A191,A201,male,0
232,12,2141,3,1,35,1,A14,A32,A43,A62,A74,A101,A124,A143,A152,A173,1,A191,A201,male,0
233,18,866,4,2,25,1,A12,A32,A43,A61,A73,A103,A121,A143,A152,A172,1,A191,A201,male,0
234,4,1544,2,1,42,3,A14,A34,A43,A61,A74,A101,A121,A143,A152,A172,2,A191,A201,male,0
235,24,1823,4,2,30,1,A11,A32,A43,A61,A71,A101,A123,A142,A152,A174,2,A191,A201,male,1
236,6,14555,1,2,23,1,A12,A32,A40,A65,A71,A101,A122,A143,A152,A171,1,A192,A201,male,1
237,21,2767,4,2,61,2,A12,A32,A49,A62,A75,A101,A123,A141,A151,A172,1,A191,A201,male,1
238,12,1291,4,2,35,2,A14,A34,A43,A61,A73,A101,A122,A143,A152,A173,1,A191,A201,female,0
239,30,2522,1,3,39,1,A11,A32,A43,A61,A75,A103,A122,A143,A152,A173,2,A191,A201,male,0
240,24,915,4,2,29,1,A11,A32,A40,A65,A75,A101,A123,A141,A152,A173,1,A191,A201,female,1
241,6,1595,3,2,51,1,A14,A32,A43,A61,A74,A101,A122,A143,A152,A173,2,A191,A201,male,0
242,48,4605,3,4,24,2,A11,A30,A41,A61,A75,A101,A124,A143,A153,A173,2,A191,A201,male,1
243,12,1185,3,2,27,2,A14,A34,A49,A61,A73,A101,A121,A143,A152,A173,1,A191,A201,female,0
244,12,3447,4,3,35,1,A14,A31,A48,A63,A73,A101,A121,A143,A152,A172,2,A191,A201,female,0
245,24,1258,4,1,25,1,A14,A32,A49,A61,A74,A101,A121,A143,A152,A173,1,A192,A201,male,0
246,12,717,4,4,52,3,A14,A34,A43,A61,A75,A101,A121,A143,A152,A173,1,A191,A201,male,0
247,6,1204,4,1,35,1,A14,A30,A40,A62,A73,A101,A124,A141,A151,A173,1,A191,A202,male,0
248,24,1925,2,2,26,1,A13,A32,A42,A61,A73,A101,A121,A143,A152,A173,1,A191,A201,male,0
249,18,433,3,4,22,1,A14,A32,A43,A61,A71,A102,A121,A143,A151,A173,1,A191,A201,female,1
250,6,666,3,4,39,2,A11,A34,A40,A64,A74,A101,A121,A143,A152,A172,1,A192,A201,female,0
251,12,2251,1,2,46,1,A13,A32,A42,A61,A73,A101,A123,A143,A152,A172,1,A191,A201,female,0
252,30,2150,4,2,24,1,A12,A32,A40,A61,A73,A103,A124,A141,A152,A173,1,A191,A201,female,1
253,24,4151,2,3,35,2,A14,A33,A42,A62,A73,A101,A122,A143,A152,A173,1,A191,A201,male,0
254,9,2030,2,1,24,1,A12,A32,A42,A65,A74,A101,A123,A143,A152,A173,1,A192,A201,male,0
255,60,7418,1,1,27,1,A12,A33,A43,A65,A73,A101,A121,A143,A152,A172,1,A191,A201,male,0
256,24,2684,4,2,35,2,A14,A34,A43,A61,A73,A101,A121,A143,A152,A172,1,A191,A201,male,0
257,12,2149,4,1,29,1,A11,A31,A43,A61,A73,A101,A124,A143,A153,A173,1,A191,A201,male,1
258,15,3812,1,4,23,1,A14,A32,A41,A62,A72,A101,A123,A143,A152,A173,1,A192,A201,female,0
259,11,1154,4,4,57,3,A14,A34,A43,A62,A71,A101,A121,A143,A152,A172,1,A191,A201,female,0
260,12,1657,2,2,27,1,A11,A32,A42,A61,A73,A101,A121,A143,A152,A173,1,A191,A201,male,0
261,24,1603,4,4,55,1,A11,A32,A43,A61,A75,A101,A123,A143,A152,A173,1,A191,A201,female,0
262,18,5302,2,4,36,3,A11,A34,A40,A61,A75,A101,A124,A143,A153,A174,1,A192,A201,male,0
263,12,2748,2,4,57,3,A14,A34,A46,A61,A75,A101,A124,A141,A153,A172,1,A191,A201,female,0
264,10,1231,3,4,32,2,A14,A34,A40,A61,A75,A101,A121,A143,A152,A172,2,A191,A202,male,0
265,15,802,4,3,37,1,A12,A32,A43,A61,A75,A101,A123,A143,A152,A173,2,A191,A201,male,1
266,36,6304,4,4,36,2,A14,A34,A49,A65,A75,A101,A121,A143,A152,A173,1,A191,A201,male,0
267,24,1533,4,3,38,1,A14,A32,A43,A61,A72,A101,A123,A142,A152,A173,1,A192,A201,female,0
268,14,8978,1,4,45,1,A11,A32,A40,A61,A75,A101,A122,A143,A152,A174,1,A192,A202,male,1
269,24,999,4,2,25,2,A14,A32,A43,A65,A75,A101,A123,A143,A152,A173,1,A191,A201,male,0
270,18,2662,4,3,32,1,A14,A32,A40,A65,A74,A101,A122,A143,A152,A173,1,A191,A202,male,0
271,12,1402,3,4,37,1,A14,A34,A42,A63,A74,A101,A123,A143,A151,A173,1,A192,A201,female,0
272,48,12169,4,4,36,1,A12,A31,A40,A65,A71,A102,A124,A143,A153,A174,1,A192,A201,male,0
273,48,3060,4,4,28,2,A12,A32,A43,A61,A74,A101,A121,A143,A152,A173,1,A191,A201,male,1
274,30,11998,1,1,34,1,A11,A32,A45,A61,A72,A101,A124,A143,A152,A172,1,A192,A201,male,1
275,9,2697,1,2,32,1,A14,A32,A43,A61,A73,A101,A121,A143,A152,A173,2,A191,A201,male,0
276,18,2404,2,2,26,2,A14,A34,A43,A61,A73,A101,A123,A143,A152,A173,1,A191,A201,female,0
277,12,1262,2,4,49,1,A11,A32,A42,A65,A75,A101,A122,A143,A152,A172,1,A192,A201,male,0
278,6,4611,1,4,32,1,A14,A32,A42,A61,A72,A101,A122,A143,A152,A173,1,A191,A201,female,1
279,24,1901,4,4,29,1,A14,A32,A43,A62,A73,A101,A123,A143,A151,A174,1,A192,A201,male,0
280,15,3368,3,4,23,2,A14,A34,A41,A64,A75,A101,A124,A143,A151,A173,1,A192,A201,male,0
281,12,1574,4,2,50,1,A14,A32,A42,A61,A73,A101,A121,A143,A152,A173,1,A191,A201,male,0
282,18,1445,4,4,49,1,A13,A31,A43,A65,A74,A101,A123,A141,A152,A172,1,A191,A201,male,0
283,15,1520,4,4,63,1,A14,A34,A42,A65,A75,A101,A122,A143,A152,A173,1,A191,A201,male,0
284,24,3878,4,2,37,1,A12,A34,A40,A62,A72,A101,A123,A143,A152,A173,1,A192,A201,male,0
285,47,10722,1,1,35,1,A11,A32,A40,A61,A72,A101,A121,A143,A152,A172,1,A192,A201,female,0
286,48,4788,4,3,26,1,A11,A32,A41,A61,A74,A101,A122,A143,A152,A173,2,A191,A201,male,0
287,48,7582,2,4,31,1,A12,A33,A410,A62,A71,A101,A124,A143,A153,A174,1,A192,A201,male,0
288,12,1092,4,4,49,2,A12,A32,A43,A61,A73,A103,A121,A143,A152,A173,1,A192,A201,female,0
289,24,1024,4,4,48,1,A11,A33,A43,A61,A72,A101,A121,A142,A152,A173,1,A191,A201,male,1
290,12,1076,2,2,26,1,A14,A32,A49,A61,A73,A101,A121,A143,A152,A173,1,A192,A202,male,0
291,36,9398,1,4,28,1,A12,A32,A41,A61,A72,A101,A123,A143,A151,A174,1,A192,A201,male,1
292,24,6419,2,4,44,2,A11,A34,A41,A61,A75,A101,A124,A143,A153,A174,2,A192,A201,female,0
293,42,4796,4,4,56,1,A13,A34,A41,A61,A75,A101,A124,A143,A153,A173,1,A191,A201,male,0
294,48,7629,4,2,46,2,A14,A34,A49,A65,A75,A101,A123,A141,A152,A174,2,A191,A201,male,0
295,48,9960,1,2,26,1,A12,A32,A42,A61,A72,A101,A123,A143,A152,A173,1,A192,A201,female,1
296,12,4675,1,4,20,1,A14,A32,A41,A65,A72,A101,A123,A143,A151,A173,1,A191,A201,female,0
297,10,1287,4,2,45,1,A14,A32,A40,A65,A75,A102,A122,A143,A152,A172,1,A191,A202,male,0
298,18,2515,3,4,43,1,A14,A32,A42,A61,A73,A101,A121,A143,A152,A173,1,A192,A201,male,0
299,21,2745,3,2,32,2,A12,A34,A42,A64,A74,A101,A123,A143,A152,A173,1,A192,A201,male,0
300,6,672,1,4,54,1,A14,A32,A40,A61,A71,A101,A121,A143,A152,A171,1,A192,A201,female,0
301,36,3804,4,1,42,1,A12,A30,A43,A61,A73,A101,A123,A143,A152,A173,1,A192,A201,female,1
302,24,1344,4,2,37,2,A13,A34,A40,A65,A74,A101,A121,A141,A152,A172,2,A191,A201,male,1
303,10,1038,4,3,49,2,A11,A34,A40,A61,A74,A102,A122,A143,A152,A173,1,A192,A201,male,0
304,48,10127,2,2,44,1,A14,A34,A40,A63,A73,A101,A124,A141,A153,A173,1,A191,A201,male,1
305,6,1543,4,2,33,1,A14,A32,A42,A64,A73,A101,A121,A143,A152,A173,1,A191,A201,male,0
306,30,4811,2,4,24,1,A14,A32,A41,A65,A74,A101,A122,A142,A151,A172,1,A191,A201,female,0
307,12,727,4,3,33,1,A11,A32,A43,A62,A72,A101,A124,A143,A152,A172,1,A192,A201,male,1
308,8,1237,3,4,24,1,A12,A32,A42,A61,A73,A101,A121,A143,A152,A173,1,A191,A201,female,1
309,9,276,4,4,22,1,A12,A32,A40,A61,A73,A101,A121,A143,A151,A172,1,A191,A201,male,0
310,48,5381,3,4,40,1,A12,A32,A410,A65,A71,A101,A124,A141,A153,A171,1,A192,A201,male,0
311,24,5511,4,1,25,1,A14,A32,A42,A62,A73,A101,A123,A142,A152,A173,1,A191,A201,male,0
312,24,3749,2,4,26,1,A13,A32,A42,A61,A72,A101,A123,A143,A152,A173,1,A191,A201,female,0
313,12,685,2,3,25,1,A12,A32,A40,A61,A74,A101,A123,A141,A152,A172,1,A191,A201,male,1
314,4,1494,1,2,29,1,A13,A32,A40,A65,A72,A101,A121,A143,A152,A172,2,A191,A202,male,0
315,36,2746,4,4,31,1,A11,A31,A42,A61,A75,A101,A123,A141,A152,A173,1,A191,A201,male,1
316,12,708,2,3,38,1,A11,A32,A42,A61,A73,A103,A122,A143,A152,A172,2,A191,A201,male,0
317,24,4351,1,4,48,1,A12,A32,A42,A65,A73,A101,A122,A143,A152,A172,1,A192,A201,female,0
318,12,701,4,2,32,2,A14,A34,A46,A61,A73,A101,A123,A143,A152,A173,1,A191,A201,male,0
319,15,3643,1,4,27,2,A11,A33,A42,A61,A75,A101,A122,A143,A152,A172,1,A191,A201,female,0
320,30,4249,4,2,28,2,A12,A34,A40,A61,A71,A101,A123,A143,A152,A174,1,A191,A201,male,1
321,24,1938,4,3,32,1,A11,A32,A43,A61,A72,A101,A122,A143,A152,A173,1,A191,A201,male,1
322,24,2910,2,1,34,1,A11,A32,A41,A61,A74,A101,A124,A143,A153,A174,1,A192,A201,male,0
323,18,2659,4,2,28,1,A11,A32,A42,A64,A73,A101,A123,A143,A152,A173,1,A191,A201,male,0
324,18,1028,4,3,36,2,A14,A34,A40,A61,A73,A101,A121,A143,A152,A173,1,A191,A201,female,0
325,8,3398,1,4,39,2,A11,A34,A40,A61,A74,A101,A121,A143,A152,A172,1,A191,A202,male,0
326,12,5801,2,4,49,1,A14,A34,A42,A65,A75,A101,A122,A143,A151,A173,1,A192,A201,male,0
327,24,1525,4,3,34,1,A14,A32,A40,A64,A74,A101,A123,A143,A152,A173,2,A192,A201,female,0
328,36,4473,4,2,31,1,A13,A32,A43,A61,A75,A101,A123,A143,A152,A173,1,A191,A201,male,0
329,6,1068,4,4,28,1,A12,A32,A43,A61,A75,A101,A123,A143,A152,A173,2,A191,A201,male,0
330,24,6615,2,4,75,2,A11,A34,A41,A61,A71,A101,A124,A143,A153,A174,1,A192,A201,male,0
331,18,1864,4,2,30,2,A14,A34,A46,A62,A73,A101,A121,A143,A152,A173,1,A191,A201,female,1
332,60,7408,4,2,24,1,A12,A32,A40,A62,A72,A101,A122,A143,A152,A174,1,A191,A201,female,1
333,48,11590,2,4,24,2,A14,A34,A41,A62,A73,A101,A123,A141,A151,A172,1,A191,A201,female,1
334,24,4110,3,4,23,2,A11,A30,A42,A61,A75,A101,A124,A141,A151,A173,2,A191,A201,male,1
335,6,3384,1,4,44,1,A11,A34,A42,A61,A73,A101,A121,A143,A151,A174,1,A192,A201,male,1
336,13,2101,2,4,23,1,A12,A32,A43,A61,A72,A103,A122,A143,A152,A172,1,A191,A201,female,0
337,15,1275,4,2,24,1,A11,A32,A44,A65,A73,A101,A123,A143,A151,A173,1,A191,A201,female,1
338,24,4169,4,4,28,1,A11,A32,A42,A61,A73,A101,A122,A143,A152,A173,1,A191,A201,male,0
339,10,1521,4,2,31,1,A12,A32,A42,A61,A73,A101,A123,A143,A152,A172,1,A191,A201,male,0
340,24,5743,2,4,24,2,A12,A34,A46,A61,A72,A101,A124,A143,A153,A173,1,A192,A201,female,0
341,21,3599,1,4,26,1,A11,A32,A42,A61,A74,A101,A123,A143,A151,A172,1,A191,A201,female,0
342,18,3213,1,3,25,1,A12,A32,A43,A63,A72,A101,A121,A143,A151,A173,1,A191,A201,male,0
343,18,4439,1,1,33,1,A12,A32,A49,A61,A75,A102,A121,A141,A152,A174,1,A192,A201,male,0
344,10,3949,1,1,37,1,A13,A32,A40,A61,A72,A103,A122,A143,A152,A172,2,A191,A201,male,0
345,15,1459,4,2,43,1,A14,A34,A43,A61,A73,A101,A123,A143,A152,A172,1,A191,A201,female,0
346,13,882,4,4,23,2,A12,A34,A43,A61,A72,A103,A121,A143,A152,A173,1,A191,A201,male,0
347,24,3758,1,4,23,1,A12,A32,A43,A63,A71,A101,A124,A143,A151,A171,1,A191,A201,female,0
348,6,1743,1,2,34,2,A14,A33,A49,A62,A73,A101,A121,A143,A152,A172,1,A191,A201,male,0
349,9,1136,4,3,32,2,A12,A34,A46,A64,A75,A101,A124,A143,A153,A173,2,A191,A201,male,1
350,9,1236,1,4,23,1,A14,A32,A44,A61,A72,A101,A121,A143,A151,A173,1,A192,A201,female,0
351,9,959,1,2,29,1,A12,A32,A42,A61,A73,A101,A123,A143,A152,A173,1,A191,A202,female,1
352,18,3229,2,4,38,1,A14,A34,A41,A65,A71,A101,A124,A143,A152,A174,1,A192,A201,male,0
353,12,6199,4,2,28,2,A11,A30,A43,A61,A73,A101,A122,A143,A151,A173,1,A192,A201,male,1
354,10,727,4,4,46,1,A14,A32,A46,A63,A75,A101,A124,A143,A153,A173,1,A192,A201,male,0
355,24,1246,4,2,23,1,A12,A32,A40,A61,A72,A101,A121,A142,A152,A172,1,A191,A201,male,1
356,12,2331,1,4,49,1,A14,A34,A43,A65,A75,A102,A121,A143,A152,A173,1,A192,A201,male,0
357,36,4463,4,2,26,2,A14,A33,A43,A61,A73,A101,A123,A143,A152,A174,1,A192,A201,male,1
358,12,776,4,2,28,1,A14,A32,A43,A61,A73,A101,A121,A143,A152,A173,1,A191,A201,male,0
359,30,2406,4,4,23,1,A11,A32,A42,A61,A74,A101,A121,A143,A151,A173,1,A191,A201,female,1
360,18,1239,4,4,61,1,A12,A32,A46,A65,A73,A101,A124,A143,A153,A173,1,A191,A201,male,0
361,12,3399,2,3,37,1,A13,A32,A43,A65,A75,A101,A123,A143,A152,A174,1,A191,A201,male,0
362,12,2247,2,2,36,2,A13,A33,A40,A61,A73,A101,A123,A142,A152,A173,1,A192,A201,female,0
363,6,1766,1,2,21,1,A14,A32,A42,A61,A73,A101,A122,A143,A151,A173,1,A191,A201,male,0
364,18,2473,4,1,25,1,A11,A32,A42,A61,A71,A101,A123,A143,A152,A171,1,A191,A201,male,1
365,12,1542,2,4,36,1,A14,A32,A49,A61,A74,A101,A123,A143,A152,A173,1,A192,A201,male,0
366,18,3850,3,1,27,2,A14,A34,A41,A61,A74,A101,A123,A143,A152,A173,1,A191,A201,male,0
367,18,3650,1,4,22,1,A11,A32,A42,A61,A72,A101,A123,A143,A151,A173,1,A191,A201,female,0
368,36,3446,4,2,42,1,A11,A32,A42,A61,A75,A101,A123,A143,A152,A173,2,A191,A201,male,1
369,18,3001,2,4,40,1,A12,A32,A42,A61,A74,A101,A121,A143,A151,A173,1,A191,A201,female,0
370,36,3079,4,4,36,1,A14,A32,A40,A65,A73,A101,A121,A143,A152,A173,1,A191,A201,male,0
371,18,6070,3,4,33,2,A14,A34,A43,A61,A75,A101,A123,A143,A152,A173,1,A192,A201,male,0
372,10,2146,1,3,23,2,A14,A34,A42,A61,A72,A101,A121,A143,A151,A173,1,A191,A201,female,0
373,60,13756,2,4,63,1,A14,A34,A40,A65,A75,A101,A124,A141,A153,A174,1,A192,A201,male,0
374,60,14782,3,4,60,2,A12,A31,A410,A62,A75,A101,A124,A141,A153,A174,1,A192,A201,female,1
375,48,7685,2,4,37,1,A11,A31,A49,A61,A74,A103,A123,A143,A151,A173,1,A191,A201,female,1
376,18,2320,2,3,34,2,A14,A33,A43,A61,A71,A101,A121,A143,A152,A173,1,A191,A201,male,0
377,7,846,3,4,36,1,A14,A33,A43,A65,A75,A101,A124,A143,A153,A173,1,A191,A201,male,0
378,36,14318,4,2,57,1,A12,A32,A40,A61,A75,A101,A124,A143,A153,A174,1,A192,A201,male,1
379,6,362,4,4,52,2,A14,A34,A40,A62,A73,A101,A123,A143,A152,A172,1,A191,A201,female,0
380,20,2212,4,4,39,1,A11,A32,A42,A65,A74,A101,A123,A143,A152,A173,1,A192,A201,male,0
381,18,12976,3,4,38,1,A12,A32,A41,A61,A71,A101,A124,A143,A153,A174,1,A192,A201,female,1
382,22,1283,4,4,25,1,A14,A32,A40,A65,A74,A101,A122,A143,A151,A173,1,A191,A201,female,0
383,12,1330,4,1,26,1,A13,A32,A40,A61,A72,A101,A121,A143,A152,A173,1,A191,A201,male,0
384,30,4272,2,2,26,2,A14,A33,A49,A62,A73,A101,A122,A143,A152,A172,1,A191,A201,male,0
385,18,2238,2,1,25,2,A14,A34,A43,A61,A73,A101,A123,A143,A152,A173,1,A191,A201,female,0
386,18,1126,4,2,21,1,A14,A32,A43,A65,A72,A101,A121,A143,A151,A173,1,A192,A201,female,0
387,18,7374,4,4,40,2,A12,A34,A42,A61,A71,A101,A122,A142,A152,A174,1,A192,A201,male,0
388,15,2326,2,4,27,1,A12,A34,A49,A63,A73,A101,A123,A141,A152,A173,1,A191,A201,male,0
389,9,1449,3,2,27,2,A14,A32,A49,A61,A74,A101,A123,A143,A152,A173,1,A191,A201,female,0
390,18,1820,2,2,30,1,A14,A32,A40,A61,A73,A101,A122,A143,A152,A174,1,A192,A201,male,0
391,12,983,1,4,19,1,A12,A32,A42,A64,A72,A101,A121,A143,A151,A172,1,A191,A201,female,0
392,36,3249,2,4,39,1,A11,A32,A40,A61,A74,A101,A124,A141,A153,A174,2,A192,A201,male,0
393,6,1957,1,4,31,1,A11,A34,A43,A61,A74,A101,A123,A143,A152,A173,1,A191,A201,female,0
394,9,2406,2,3,31,1,A14,A34,A42,A61,A71,A101,A123,A143,A152,A174,1,A191,A201,male,0
395,39,11760,2,3,32,1,A12,A33,A46,A62,A74,A101,A124,A143,A151,A173,1,A192,A201,male,0
396,12,2578,3,4,55,1,A11,A32,A42,A61,A71,A101,A124,A143,A153,A174,1,A191,A201,female,0
397,36,2348,3,2,46,2,A11,A34,A42,A61,A73,A101,A122,A143,A152,A173,1,A192,A201,male,0
398,12,1223,1,1,46,2,A12,A32,A40,A61,A75,A101,A121,A143,A151,A173,1,A191,A201,male,1
399,24,1516,4,1,43,2,A14,A34,A43,A64,A73,A101,A121,A143,A152,A172,1,A191,A201,female,0
400,18,1473,3,4,39,1,A14,A32,A43,A61,A72,A101,A121,A143,A152,A173,1,A192,A201,male,0
401,18,1887,4,4,28,2,A12,A34,A49,A65,A73,A101,A121,A141,A152,A173,1,A191,A201,male,0
402,24,8648,2,2,27,2,A14,A33,A49,A61,A72,A101,A123,A141,A152,A173,1,A192,A201,male,1
403,14,802,4,2,27,2,A14,A33,A40,A61,A73,A101,A123,A143,A152,A172,1,A191,A201,male,0
404,18,2899,4,4,43,1,A12,A33,A40,A65,A75,A101,A123,A143,A152,A173,2,A191,A201,male,0
405,24,2039,1,1,22,1,A12,A32,A43,A61,A72,A101,A122,A143,A152,A173,1,A192,A201,male,1
406,24,2197,4,4,43,2,A14,A34,A41,A65,A74,A101,A123,A143,A152,A173,2,A192,A201,male,0
407,15,1053,4,2,27,1,A11,A32,A43,A61,A72,A101,A121,A143,A152,A173,1,A191,A202,male,0
408,24,3235,3,2,26,1,A14,A32,A43,A63,A75,A101,A123,A143,A152,A174,1,A192,A201,male,0
409,12,939,4,2,28,3,A13,A34,A40,A63,A74,A101,A121,A143,A152,A173,1,A192,A201,male,1
410,24,1967,4,4,20,1,A12,A32,A43,A61,A75,A101,A123,A143,A152,A173,1,A192,A201,female,0
411,33,7253,3,2,35,2,A14,A34,A41,A61,A74,A101,A123,A143,A152,A174,1,A192,A201,male,0
412,12,2292,4,2,42,2,A14,A34,A49,A61,A71,A101,A123,A142,A152,A174,1,A192,A201,male,1
413,10,1597,3,2,40,1,A14,A32,A40,A63,A73,A101,A124,A143,A151,A172,2,A191,A202,male,0
414,24,1381,4,2,35,1,A11,A32,A40,A65,A73,A101,A122,A143,A152,A173,1,A191,A201,female,1
415,36,5842,2,2,35,2,A14,A34,A41,A61,A75,A101,A122,A143,A152,A173,2,A192,A201,male,0
416,12,2579,4,1,33,1,A11,A32,A40,A61,A72,A101,A121,A143,A152,A172,2,A191,A201,male,1
417,18,8471,1,2,23,2,A11,A33,A46,A65,A73,A101,A123,A143,A151,A173,1,A192,A201,female,0
418,21,2782,1,2,31,1,A14,A32,A40,A63,A74,A101,A123,A141,A152,A174,1,A191,A201,female,0
419,18,1042,4,2,33,1,A12,A32,A40,A65,A73,A101,A122,A143,A152,A173,1,A191,A201,female,1
420,15,3186,2,3,20,1,A14,A32,A40,A64,A74,A101,A123,A143,A151,A173,1,A191,A201,female,0
421,12,2028,4,2,30,1,A12,A32,A41,A65,A73,A101,A123,A143,A152,A173,1,A191,A201,male,0
422,12,958,2,3,47,2,A12,A34,A40,A61,A74,A101,A121,A143,A152,A172,2,A191,A201,male,0
423,21,1591,4,3,34,2,A14,A33,A42,A62,A74,A101,A121,A143,A152,A174,1,A191,A201,male,0
424,12,2762,1,2,25,1,A12,A32,A42,A65,A75,A101,A122,A141,A152,A173,1,A192,A201,female,1
425,18,2779,1,3,21,1,A12,A32,A41,A61,A73,A101,A123,A143,A151,A173,1,A192,A201,male,0
426,28,2743,4,2,29,2,A14,A34,A43,A61,A75,A101,A123,A143,A152,A173,1,A191,A201,male,0
427,18,1149,4,3,46,2,A14,A34,A43,A64,A73,A101,A121,A143,A152,A173,1,A191,A201,male,0
428,9,1313,1,4,20,1,A14,A32,A42,A61,A75,A101,A123,A143,A152,A173,1,A191,A201,male,0
429,18,1190,2,4,55,3,A11,A34,A45,A61,A71,A101,A124,A143,A153,A171,2,A191,A201,female,1
430,5,3448,1,4,74,1,A14,A32,A49,A61,A74,A101,A121,A143,A152,A172,1,A191,A201,male,0
431,24,11328,2,3,29,2,A12,A32,A410,A61,A73,A102,A123,A141,A152,A174,1,A192,A201,male,1
432,6,1872,4,4,36,3,A11,A34,A42,A61,A71,A101,A124,A143,A153,A174,1,A192,A201,male,0
433,24,2058,4,2,33,2,A14,A34,A45,A61,A73,A101,A121,A143,A152,A173,1,A192,A201,male,0
434,9,2136,3,2,25,1,A11,A32,A42,A61,A73,A101,A121,A143,A152,A173,1,A191,A201,male,0
435,12,1484,2,1,25,1,A12,A32,A43,A65,A73,A101,A121,A143,A152,A173,1,A192,A201,male,1
436,6,660,2,4,23,1,A14,A32,A45,A63,A74,A101,A121,A143,A151,A172,1,A191,A201,male,0
437,24,1287,4,4,37,2,A14,A34,A40,A64,A75,A101,A121,A143,A152,A173,1,A192,A201,female,0
438,42,3394,4,4,65,2,A11,A34,A45,A61,A71,A102,A123,A143,A152,A171,1,A191,A201,male,0
439,12,609,4,1,26,1,A13,A31,A49,A61,A72,A101,A121,A143,A152,A171,1,A191,A201,female,1
440,12,1884,4,4,39,1,A14,A32,A40,A61,A75,A101,A123,A143,A152,A174,1,A192,A201,male,0
441,12,1620,2,3,30,1,A11,A32,A42,A61,A73,A102,A122,A143,A152,A173,1,A191,A201,female,0
442,20,2629,2,3,29,2,A12,A33,A410,A61,A73,A101,A123,A141,A152,A173,1,A192,A201,male,0
443,12,719,4,4,41,1,A14,A32,A46,A61,A75,A101,A123,A141,A152,A172,2,A191,A201,male,1
444,48,5096,2,3,30,1,A12,A34,A42,A61,A73,A101,A123,A143,A152,A174,1,A192,A201,female,1
445,9,1244,4,4,41,2,A14,A34,A46,A65,A75,A101,A122,A143,A151,A172,1,A191,A201,female,0
446,36,1842,4,4,34,1,A11,A32,A40,A61,A72,A101,A123,A143,A152,A173,1,A192,A201,female,1
447,7,2576,2,2,35,1,A12,A32,A43,A61,A73,A103,A121,A143,A152,A173,1,A191,A201,male,0
448,12,1424,3,4,55,1,A13,A32,A42,A65,A75,A101,A121,A143,A152,A174,1,A192,A201,female,0
449,15,1512,3,3,61,2,A12,A33,A45,A64,A73,A101,A122,A142,A152,A173,1,A191,A201,male,1
450,36,11054,4,2,30,1,A14,A34,A41,A65,A73,A101,A123,A143,A152,A174,1,A192,A201,male,0
451,6,518,3,1,29,1,A14,A32,A43,A61,A73,A101,A121,A143,A152,A173,1,A191,A201,female,0
452,12,2759,2,4,34,2,A14,A30,A42,A61,A75,A101,A122,A143,A152,A173,1,A191,A201,male,0
453,24,2670,4,4,35,1,A14,A32,A41,A61,A75,A101,A123,A143,A152,A174,1,A192,A201,male,0
454,24,4817,2,3,31,1,A11,A32,A40,A61,A74,A102,A122,A143,A152,A173,1,A192,A201,male,1
455,24,2679,4,1,29,1,A14,A32,A41,A61,A72,A101,A124,A143,A152,A174,1,A192,A201,female,0
456,11,3905,2,2,36,2,A11,A34,A40,A61,A73,A101,A121,A143,A151,A173,2,A191,A201,male,0
457,12,3386,3,4,35,1,A11,A32,A41,A61,A75,A101,A124,A143,A153,A173,1,A192,A201,male,1
458,6,343,4,1,27,1,A11,A32,A44,A61,A72,A101,A121,A143,A152,A173,1,A191,A201,female,0
459,18,4594,3,2,32,1,A14,A32,A43,A61,A72,A101,A123,A143,A152,A173,1,A192,A201,male,0
460,36,3620,1,2,37,1,A11,A32,A42,A61,A73,A103,A122,A143,A152,A173,2,A191,A201,male,0
461,15,1721,2,3,36,1,A11,A32,A40,A61,A72,A101,A121,A143,A152,A173,1,A191,A201,male,0
462,12,3017,3,1,34,1,A12,A32,A42,A61,A72,A101,A121,A143,A151,A174,1,A191,A201,female,0
463,12,754,4,4,38,2,A12,A32,A48,A65,A75,A101,A122,A143,A152,A173,1,A191,A201,male,0
464,18,1950,4,1,34,2,A14,A32,A49,A61,A74,A101,A123,A142,A152,A173,1,A192,A201,male,0
465,24,2924,3,4,63,1,A11,A32,A41,A61,A73,A103,A124,A141,A152,A173,2,A192,A201,male,0
466,24,1659,4,2,29,1,A11,A33,A43,A61,A72,A101,A123,A143,A151,A172,1,A192,A201,female,1
467,48,7238,3,3,32,2,A14,A33,A43,A65,A75,A101,A123,A141,A152,A173,2,A191,A201,male,0
468,33,2764,2,2,26,2,A14,A33,A49,A61,A73,A101,A123,A143,A152,A173,1,A192,A201,female,0
469,24,4679,3,3,35,2,A14,A33,A41,A61,A74,A101,A123,A143,A152,A172,1,A192,A201,male,0
470,24,3092,3,2,22,1,A12,A32,A43,A62,A72,A101,A123,A143,A151,A173,1,A192,A201,male,1
471,6,448,4,4,23,1,A11,A32,A46,A61,A72,A101,A122,A143,A152,A173,1,A191,A201,female,1
472,9,654,4,3,28,1,A11,A32,A40,A61,A73,A101,A123,A143,A152,A172,1,A191,A201,male,1
473,6,1238,4,4,36,1,A14,A32,A48,A65,A71,A101,A122,A143,A152,A174,2,A192,A201,male,0
474,18,1245,4,2,33,1,A12,A34,A43,A61,A73,A101,A123,A143,A152,A173,1,A191,A201,male,1
475,18,3114,1,4,26,1,A11,A30,A42,A61,A72,A101,A122,A143,A151,A173,1,A191,A201,female,1
476,39,2569,4,4,24,1,A14,A32,A41,A63,A73,A101,A123,A143,A152,A173,1,A191,A201,male,0
477,24,5152,4,2,25,1,A13,A32,A43,A61,A74,A101,A123,A141,A152,A173,1,A191,A201,male,0
478,12,1037,3,4,39,1,A12,A32,A49,A62,A74,A101,A121,A143,A152,A172,1,A191,A201,male,0
479,15,1478,4,4,44,2,A11,A34,A42,A61,A75,A101,A123,A143,A152,A173,2,A192,A201,male,0
480,12,3573,1,1,23,1,A12,A34,A43,A61,A73,A101,A121,A143,A152,A172,1,A191,A201,female,0
481,24,1201,4,1,26,1,A12,A32,A40,A61,A72,A101,A122,A143,A152,A173,1,A191,A201,male,0
482,30,3622,4,4,57,2,A11,A32,A42,A64,A75,A101,A122,A143,A151,A173,1,A192,A201,female,0
483,15,960,3,2,30,2,A14,A33,A42,A64,A74,A101,A122,A143,A152,A173,1,A191,A201,female,0
484,12,1163,4,4,44,1,A14,A34,A40,A63,A73,A101,A121,A143,A152,A173,1,A192,A201,male,0
485,6,1209,4,4,47,1,A12,A33,A40,A61,A71,A101,A122,A143,A152,A174,1,A192,A201,male,1
486,12,3077,2,4,52,1,A14,A32,A43,A61,A73,A101,A123,A143,A152,A173,1,A192,A201,male,0
487,24,3757,4,4,62,1,A14,A32,A40,A61,A75,A102,A124,A143,A153,A173,1,A192,A201,female,0
488,10,1418,3,2,35,1,A14,A32,A40,A62,A73,A101,A121,A143,A151,A172,1,A191,A202,male,0
489,6,3518,2,3,26,1,A14,A32,A40,A61,A73,A103,A122,A143,A151,A173,1,A191,A201,male,0
490,12,1934,2,2,26,2,A14,A34,A43,A61,A75,A101,A124,A143,A152,A173,1,A191,A201,male,0
491,27,8318,2,4,42,2,A12,A30,A49,A61,A75,A101,A124,A143,A153,A174,1,A192,A201,female,1
492,6,1237,1,1,27,2,A14,A34,A43,A62,A73,A101,A122,A143,A152,A173,1,A191,A201,female,0
493,6,368,4,4,38,1,A12,A32,A43,A65,A75,A101,A122,A143,A152,A173,1,A191,A201,male,0
494,12,2122,3,2,39,2,A11,A34,A40,A61,A73,A101,A121,A143,A151,A172,2,A191,A202,male,0
495,24,2996,2,4,20,1,A11,A32,A42,A65,A73,A101,A123,A143,A152,A173,1,A191,A201,male,1
496,36,9034,4,1,29,1,A12,A32,A42,A62,A72,A102,A124,A143,A151,A174,1,A192,A201,male,1
497,24,1585,4,3,40,2,A14,A34,A42,A61,A74,A101,A122,A143,A152,A173,1,A191,A201,male,0
498,18,1301,4,2,32,1,A12,A32,A43,A61,A75,A103,A121,A143,A152,A172,1,A191,A201,male,0
499,6,1323,2,4,28,2,A13,A34,A40,A62,A75,A101,A123,A143,A152,A173,2,A192,A201,male,0
500,24,3123,4,1,27,1,A11,A32,A40,A61,A72,A101,A122,A143,A152,A173,1,A191,A201,female,1
501,36,5493,2,4,42,1,A11,A32,A41,A61,A75,A101,A124,A143,A153,A173,2,A191,A201,male,0
502,9,1126,2,4,49,1,A13,A32,A43,A62,A75,A101,A121,A143,A152,A173,1,A191,A201,male,0
503,24,1216,4,4,38,2,A12,A34,A43,A62,A72,A101,A124,A141,A152,A173,2,A191,A201,male,1
504,24,1207,4,4,24,1,A11,A32,A40,A61,A72,A101,A122,A143,A151,A173,1,A191,A201,female,1
505,10,1309,4,4,27,1,A14,A32,A40,A65,A73,A103,A122,A143,A152,A172,1,A191,A201,male,1
506,15,2360,2,2,36,1,A13,A34,A41,A63,A73,A101,A123,A143,A152,A173,1,A192,A201,male,0
507,15,6850,1,2,34,1,A12,A31,A40,A62,A71,A101,A122,A143,A152,A174,2,A192,A201,male,1
508,24,1413,4,2,28,1,A14,A32,A43,A61,A73,A101,A122,A143,A152,A173,1,A191,A201,male,0
509,39,8588,4,2,45,1,A14,A32,A41,A62,A75,A101,A123,A143,A152,A174,1,A192,A201,male,0
510,12,759,4,2,26,1,A11,A32,A40,A61,A74,A101,A121,A143,A152,A173,1,A191,A201,male,1
511,36,4686,2,2,32,1,A14,A32,A41,A61,A73,A101,A124,A143,A153,A174,1,A192,A201,male,0
512,15,2687,2,4,26,1,A13,A32,A49,A61,A74,A101,A122,A143,A151,A173,1,A192,A201,male,0
513,12,585,4,4,20,2,A12,A33,A43,A61,A73,A102,A121,A143,A151,A173,1,A191,A201,male,0
514,24,2255,4,1,54,1,A14,A32,A40,A65,A72,A101,A122,A143,A152,A173,1,A191,A201,male,0
515,6,609,4,3,37,2,A11,A34,A40,A61,A74,A101,A122,A143,A152,A173,1,A191,A202,female,0
516,6,1361,2,4,40,1,A11,A34,A40,A61,A72,A101,A121,A143,A152,A172,2,A191,A202,male,0
517,36,7127,2,4,23,2,A14,A34,A42,A61,A72,A101,A122,A143,A151,A173,1,A192,A201,female,1
518,6,1203,3,2,43,1,A11,A32,A40,A62,A75,A101,A122,A143,A152,A173,1,A192,A201,male,0
519,6,700,4,4,36,2,A14,A34,A43,A65,A75,A101,A124,A143,A153,A173,1,A191,A201,male,0
520,24,5507,3,4,44,2,A14,A34,A45,A61,A75,A101,A124,A143,A153,A173,1,A191,A201,male,0
521,18,3190,2,2,24,1,A11,A32,A43,A61,A73,A101,A121,A143,A152,A173,1,A191,A201,female,1
522,48,7119,3,4,53,2,A11,A30,A42,A61,A73,A101,A124,A143,A153,A173,2,A191,A201,male,1
523,24,3488,3,4,23,1,A14,A32,A41,A62,A74,A101,A123,A143,A152,A173,1,A191,A201,female,0
524,18,1113,4,4,26,1,A12,A32,A43,A61,A73,A103,A121,A143,A152,A172,2,A191,A201,female,0
525,26,7966,2,3,30,2,A12,A32,A41,A61,A72,A101,A123,A143,A152,A173,1,A191,A201,male,0
526,15,1532,4,3,31,1,A14,A34,A46,A62,A73,A101,A123,A143,A152,A173,1,A191,A201,female,0
527,4,1503,2,1,42,2,A14,A34,A43,A61,A74,A101,A121,A143,A152,A172,2,A191,A201,male,0
528,36,2302,4,4,31,1,A11,A32,A43,A61,A73,A101,A123,A143,A151,A173,1,A191,A201,male,1
529,6,662,3,4,41,1,A11,A32,A40,A61,A72,A101,A121,A143,A152,A172,2,A192,A201,male,0
530,36,2273,3,1,32,2,A12,A32,A46,A61,A74,A101,A123,A143,A152,A173,2,A191,A201,male,0
531,15,2631,2,4,28,2,A12,A32,A40,A62,A73,A101,A123,A143,A151,A173,1,A192,A201,female,1
532,12,1503,4,4,41,1,A14,A33,A41,A61,A73,A101,A121,A143,A151,A173,1,A191,A201,male,0
533,24,1311,4,3,26,1,A14,A32,A43,A62,A74,A101,A122,A143,A152,A173,1,A192,A201,male,0
534,24,3105,4,2,25,2,A14,A32,A43,A65,A72,A101,A123,A143,A152,A173,1,A191,A201,male,0
535,21,2319,2,1,33,1,A13,A34,A46,A61,A72,A101,A123,A143,A151,A173,1,A191,A201,male,1
536,6,1374,4,3,75,1,A11,A32,A40,A65,A71,A101,A122,A143,A152,A174,1,A192,A201,female,0
537,18,3612,3,4,37,1,A12,A34,A42,A61,A75,A101,A122,A143,A152,A173,1,A192,A201,female,0
538,48,7763,4,4,42,1,A11,A32,A40,A61,A75,A101,A124,A141,A153,A174,1,A191,A201,male,1
539,18,3049,1,1,45,1,A13,A32,A42,A61,A72,A101,A122,A142,A152,A172,1,A191,A201,female,0
540,12,1534,1,1,23,1,A12,A32,A43,A61,A72,A101,A121,A143,A151,A173,1,A191,A201,male,1
541,24,2032,4,4,60,2,A14,A33,A40,A61,A75,A101,A124,A143,A153,A173,1,A192,A201,male,0
542,30,6350,4,4,31,1,A11,A32,A42,A65,A75,A101,A122,A143,A152,A173,1,A191,A201,male,1
543,18,2864,2,1,34,1,A13,A32,A42,A61,A73,A101,A121,A143,A152,A172,2,A191,A201,male,1
544,12,1255,4,4,61,2,A14,A34,A40,A61,A75,A101,A121,A143,A152,A172,1,A191,A201,male,0
545,24,1333,4,2,43,2,A11,A33,A40,A61,A71,A101,A121,A143,A153,A173,2,A191,A201,male,1
546,24,2022,4,4,37,1,A14,A34,A40,A61,A73,A101,A123,A143,A152,A173,1,A192,A201,female,0
547,24,1552,3,1,32,1,A14,A32,A43,A61,A74,A101,A123,A141,A152,A173,2,A191,A201,male,0
548,12,626,4,4,24,1,A11,A31,A43,A61,A73,A101,A121,A141,A152,A172,1,A191,A201,female,1
549,48,8858,2,1,35,2,A14,A34,A41,A65,A74,A101,A124,A143,A153,A173,1,A192,A201,male,0
550,12,996,4,4,23,2,A14,A34,A45,A65,A74,A101,A121,A143,A152,A173,1,A191,A201,female,0
551,6,1750,2,4,45,1,A14,A31,A43,A63,A75,A101,A122,A141,A152,A172,2,A191,A201,male,0
552,48,6999,1,1,34,2,A11,A32,A43,A61,A74,A103,A121,A143,A152,A173,1,A192,A201,male,1
553,12,1995,4,1,27,1,A12,A34,A40,A62,A72,A101,A123,A143,A152,A173,1,A191,A201,male,0
554,9,1199,4,4,67,2,A12,A32,A46,A61,A74,A101,A122,A143,A152,A174,1,A192,A201,female,0
555,12,1331,2,1,22,1,A12,A32,A43,A61,A72,A101,A123,A142,A152,A173,1,A191,A201,male,1
556,18,2278,3,3,28,2,A12,A30,A40,A62,A72,A101,A123,A143,A152,A173,1,A191,A201,female,1
557,21,5003,1,4,29,2,A14,A30,A40,A65,A73,A101,A122,A141,A152,A173,1,A192,A201,female,1
558,24,3552,3,4,27,1,A11,A31,A42,A61,A74,A101,A123,A141,A152,A173,1,A191,A201,male,1
559,18,1928,2,2,31,2,A12,A34,A42,A61,A72,A101,A121,A143,A152,A172,1,A191,A201,male,1
560,24,2964,4,4,49,1,A11,A32,A41,A65,A75,A101,A124,A141,A153,A173,2,A192,A201,male,0
561,24,1546,4,4,24,1,A11,A31,A43,A61,A74,A103,A123,A141,A151,A172,1,A191,A201,male,1
562,6,683,2,1,29,1,A13,A33,A43,A61,A72,A101,A122,A141,A152,A173,1,A191,A201,female,0
563,36,12389,1,4,37,1,A12,A32,A40,A65,A73,A101,A124,A143,A153,A173,1,A192,A201,male,1
564,24,4712,4,2,37,2,A12,A33,A49,A65,A73,A101,A122,A141,A152,A174,1,A192,A201,male,0
565,24,1553,3,2,23,2,A12,A33,A43,A62,A74,A101,A122,A143,A151,A173,1,A192,A201,female,0
566,12,1372,2,3,36,1,A11,A32,A40,A61,A74,A101,A123,A143,A152,A173,1,A191,A201,male,1
567,24,2578,2,2,34,1,A14,A34,A43,A64,A75,A101,A123,A143,A152,A173,1,A191,A201,male,0
568,48,3979,4,1,41,2,A12,A32,A43,A65,A74,A101,A123,A143,A152,A173,2,A192,A201,male,0
569,48,6758,3,2,31,1,A11,A32,A43,A61,A73,A101,A123,A143,A152,A173,1,A192,A201,female,1
570,24,3234,4,4,23,1,A11,A32,A42,A61,A72,A101,A121,A143,A151,A172,1,A192,A201,female,1
571,30,5954,3,2,38,1,A14,A34,A43,A61,A74,A102,A123,A143,A152,A173,1,A191,A201,male,0
572,24,5433,2,4,26,1,A14,A32,A41,A65,A71,A101,A122,A143,A151,A174,1,A192,A201,female,0
573,15,806,4,4,22,1,A11,A32,A49,A61,A73,A101,A122,A143,A152,A172,1,A191,A201,female,0
574,9,1082,4,4,27,2,A12,A32,A43,A61,A75,A101,A123,A143,A152,A172,1,A191,A201,male,0
575,15,2788,2,3,24,2,A14,A34,A42,A61,A74,A102,A123,A141,A152,A173,1,A191,A201,female,0
576,12,2930,2,1,27,1,A12,A32,A43,A61,A74,A101,A121,A143,A152,A173,1,A191,A201,female,0
577,24,1927,3,2,33,2,A14,A34,A46,A65,A73,A101,A123,A143,A152,A173,1,A192,A201,female,0
578,36,2820,4,4,27,2,A12,A34,A40,A61,A72,A101,A123,A143,A152,A173,1,A191,A201,male,1
579,24,937,4,3,27,2,A14,A32,A48,A61,A72,A101,A123,A143,A152,A172,1,A191,A201,male,0
580,18,1056,3,3,30,2,A12,A34,A40,A61,A75,A103,A121,A141,A152,A173,1,A191,A201,male,1
581,12,3124,1,3,49,2,A12,A34,A40,A61,A72,A101,A121,A141,A152,A172,2,A191,A201,male,0
582,9,1388,4,2,26,1,A14,A32,A42,A61,A73,A101,A121,A143,A151,A173,1,A191,A201,female,0
583,36,2384,4,1,33,1,A12,A32,A45,A61,A72,A101,A124,A143,A151,A172,1,A191,A201,male,1
584,12,2133,4,4,52,1,A14,A32,A40,A65,A75,A101,A124,A143,A153,A174,1,A192,A201,female,0
585,18,2039,1,4,20,1,A11,A32,A42,A61,A73,A101,A121,A141,A151,A173,1,A191,A201,female,1
586,9,2799,2,2,36,2,A11,A34,A40,A61,A73,A101,A121,A143,A151,A173,2,A191,A201,male,0
587,12,1289,4,1,21,1,A11,A32,A42,A61,A73,A103,A122,A143,A152,A172,1,A191,A201,male,0
588,18,1217,4,3,47,1,A11,A32,A44,A61,A73,A101,A121,A143,A152,A172,1,A192,A201,male,1
589,12,2246,3,3,60,2,A11,A34,A42,A61,A75,A101,A122,A143,A152,A173,1,A191,A201,male,1
590,12,385,4,3,58,4,A11,A34,A43,A61,A74,A101,A121,A143,A152,A172,1,A192,A201,female,0
591,24,1965,4,4,42,2,A12,A33,A40,A65,A73,A101,A123,A143,A151,A173,1,A192,A201,female,0
592,21,1572,4,4,36,1,A14,A32,A49,A64,A75,A101,A121,A141,A152,A172,1,A191,A201,female,0
593,24,2718,3,4,20,1,A12,A32,A40,A61,A73,A101,A122,A143,A151,A172,1,A192,A201,female,1
594,24,1358,4,3,40,1,A11,A31,A410,A65,A75,A101,A123,A142,A152,A174,1,A192,A201,male,1
595,6,931,1,1,32,1,A12,A31,A40,A62,A72,A101,A122,A142,A152,A172,1,A191,A201,female,1
596,24,1442,4,4,23,2,A11,A32,A40,A61,A74,A101,A123,A143,A151,A173,1,A191,A201,female,1
597,24,4241,1,4,36,3,A12,A30,A49,A61,A73,A101,A121,A143,A152,A172,1,A192,A201,male,1
598,18,2775,2,2,31,2,A14,A34,A40,A61,A74,A101,A122,A141,A152,A173,1,A191,A201,male,1
599,24,3863,1,2,32,1,A14,A33,A49,A61,A73,A101,A124,A143,A153,A173,1,A191,A201,male,0
600,7,2329,1,1,45,1,A12,A32,A43,A61,A72,A103,A121,A143,A152,A173,1,A191,A201,female,0
601,9,918,4,1,30,1,A12,A32,A42,A61,A73,A101,A122,A143,A152,A173,1,A191,A201,female,1
602,24,1837,4,4,34,1,A12,A31,A46,A61,A74,A101,A124,A141,A153,A172,1,A191,A201,female,1
603,36,3349,4,2,28,1,A14,A32,A42,A61,A73,A101,A123,A143,A152,A174,1,A192,A201,female,1
604,10,1275,4,2,23,1,A13,A32,A42,A61,A72,A101,A122,A143,A152,A173,1,A191,A201,female,0
605,24,2828,4,4,22,1,A11,A31,A42,A63,A73,A101,A121,A142,A152,A173,1,A192,A201,male,0
606,24,4526,3,2,74,1,A14,A34,A49,A61,A73,A101,A121,A143,A152,A174,1,A192,A201,male,0
607,36,2671,4,4,50,1,A12,A32,A43,A62,A73,A102,A124,A143,A153,A173,1,A191,A201,female,1
608,18,2051,4,1,33,1,A14,A32,A43,A61,A72,A101,A121,A143,A152,A173,1,A191,A201,male,0
609,15,1300,4,4,45,1,A14,A32,A41,A65,A75,A101,A124,A141,A153,A173,2,A191,A201,male,0
610,12,741,4,3,22,1,A11,A32,A44,A62,A71,A101,A122,A143,A152,A173,1,A191,A201,female,1
611,10,1240,1,4,48,1,A13,A32,A40,A62,A75,A101,A124,A143,A153,A172,2,A191,A201,female,1
612,21,3357,4,2,29,1,A11,A32,A43,A64,A72,A101,A123,A141,A152,A173,1,A191,A201,female,0
613,24,3632,1,4,22,1,A11,A31,A41,A61,A73,A103,A123,A141,A151,A173,1,A191,A202,female,0
614,18,1808,4,1,22,1,A14,A33,A42,A61,A74,A101,A121,A143,A152,A173,1,A191,A201,female,1
615,48,12204,2,2,48,1,A12,A30,A49,A65,A73,A101,A123,A141,A152,A174,1,A192,A201,male,0
616,60,9157,2,2,27,1,A12,A33,A43,A65,A73,A101,A124,A143,A153,A174,1,A191,A201,male,0
617,6,3676,1,3,37,3,A11,A34,A40,A61,A73,A101,A121,A143,A151,A173,2,A191,A201,male,0
618,30,3441,2,4,21,1,A12,A32,A42,A62,A73,A102,A123,A143,A151,A173,1,A191,A201,female,1
619,12,640,4,2,49,1,A14,A32,A40,A61,A73,A101,A121,A143,A152,A172,1,A191,A201,male,0
620,21,3652,2,3,27,2,A12,A34,A49,A61,A74,A101,A122,A143,A152,A173,1,A191,A201,male,0
621,18,1530,3,2,32,2,A14,A34,A40,A61,A73,A101,A122,A141,A152,A173,1,A191,A201,male,1
622,48,3914,4,2,38,1,A14,A32,A49,A65,A73,A101,A121,A141,A152,A173,1,A191,A201,male,1
623,12,1858,4,1,22,1,A11,A32,A42,A61,A72,A101,A123,A143,A151,A173,1,A191,A201,female,0
624,18,2600,4,4,65,2,A11,A32,A43,A61,A73,A101,A124,A143,A153,A173,1,A191,A201,male,1
625,15,1979,4,2,35,1,A14,A32,A43,A65,A75,A101,A123,A143,A152,A173,1,A191,A201,male,0
626,6,2116,2,2,41,1,A13,A32,A42,A61,A73,A101,A121,A143,A152,A173,1,A192,A201,male,0
627,9,1437,2,3,29,1,A12,A31,A40,A62,A74,A101,A124,A143,A152,A173,1,A191,A201,male,1
628,42,4042,4,4,36,2,A14,A34,A42,A63,A73,A101,A121,A143,A152,A173,1,A192,A201,male,0
629,9,3832,1,4,64,1,A14,A32,A46,A65,A75,A101,A121,A143,A152,A172,1,A191,A201,male,0
630,24,3660,2,4,28,1,A11,A32,A43,A61,A73,A101,A123,A143,A152,A173,1,A191,A201,female,0
631,18,1553,4,3,44,1,A11,A31,A42,A61,A73,A101,A123,A141,A152,A173,1,A191,A201,male,1
632,15,1444,4,1,23,1,A12,A32,A43,A65,A72,A101,A122,A143,A152,A173,1,A191,A201,male,0
633,9,1980,2,2,19,2,A14,A32,A42,A61,A72,A102,A123,A143,A151,A173,1,A191,A201,female,1
634,24,1355,3,4,25,1,A12,A32,A40,A61,A72,A101,A123,A143,A152,A172,1,A192,A201,female,1
635,12,1393,4,4,47,3,A14,A32,A46,A61,A75,A101,A122,A141,A152,A173,2,A192,A201,male,0
636,24,1376,4,1,28,1,A14,A32,A43,A63,A74,A101,A123,A143,A152,A173,1,A191,A201,female,0
637,60,15653,2,4,21,2,A14,A33,A43,A61,A74,A101,A123,A143,A152,A173,1,A192,A201,male,0
638,12,1493,4,3,34,1,A14,A32,A43,A61,A72,A101,A123,A143,A152,A173,2,A191,A201,female,0
639,42,4370,3,2,26,2,A11,A33,A43,A61,A74,A101,A122,A141,A152,A173,2,A192,A201,male,1
640,18,750,4,1,27,1,A11,A32,A46,A61,A71,A101,A121,A143,A152,A171,1,A191,A201,female,1
641,15,1308,4,4,38,2,A12,A32,A45,A61,A75,A101,A123,A143,A152,A172,1,A191,A201,male,0
642,15,4623,3,2,40,1,A14,A32,A46,A62,A73,A101,A122,A143,A152,A174,1,A192,A201,male,1
643,24,1851,4,2,33,2,A14,A34,A43,A61,A74,A103,A123,A143,A152,A173,1,A192,A201,male,0
644,18,1880,4,1,32,2,A11,A34,A43,A61,A74,A101,A122,A143,A152,A174,1,A192,A201,male,0
645,36,7980,4,4,27,2,A14,A33,A49,A65,A72,A101,A123,A143,A151,A173,1,A192,A201,male,1
646,30,4583,2,2,32,2,A11,A30,A42,A61,A73,A103,A121,A143,A152,A173,1,A191,A201,male,0
647,12,1386,2,2,26,1,A14,A32,A40,A63,A73,A101,A122,A143,A152,A173,1,A191,A201,female,1
648,24,947,4,3,38,1,A13,A32,A40,A61,A74,A101,A124,A141,A153,A173,2,A191,A201,male,1
649,12,684,4,4,40,1,A11,A32,A46,A61,A73,A101,A123,A143,A151,A172,2,A191,A201,male,1
650,48,7476,4,1,50,1,A11,A32,A46,A61,A74,A101,A124,A143,A153,A174,1,A192,A201,male,0
651,12,1922,4,2,37,1,A12,A32,A42,A61,A73,A101,A122,A143,A152,A172,1,A191,A201,male,1
652,24,2303,4,1,45,1,A11,A32,A40,A61,A75,A102,A121,A143,A152,A173,1,A191,A201,male,1
653,36,8086,2,4,42,4,A12,A33,A40,A62,A75,A101,A123,A143,A152,A174,1,A192,A201,male,1
654,24,2346,4,3,35,2,A14,A34,A41,A61,A74,A101,A123,A143,A152,A173,1,A192,A201,male,0
655,14,3973,1,4,22,1,A11,A32,A40,A61,A71,A101,A124,A143,A153,A173,1,A191,A201,male,0
656,12,888,4,4,41,1,A12,A32,A40,A61,A75,A101,A123,A141,A152,A172,2,A191,A201,male,1
657,48,10222,4,3,37,1,A14,A32,A43,A65,A74,A101,A123,A142,A152,A173,1,A192,A201,male,0
658,30,4221,2,1,28,2,A12,A30,A49,A61,A73,A101,A123,A143,A152,A173,1,A191,A201,female,0
659,18,6361,2,1,41,1,A12,A34,A42,A61,A75,A101,A124,A143,A152,A173,1,A192,A201,male,0
660,12,1297,3,4,23,1,A13,A32,A43,A61,A73,A101,A121,A143,A151,A173,1,A191,A201,male,0
661,12,900,4,2,23,1,A11,A32,A40,A65,A73,A101,A123,A143,A152,A173,1,A191,A201,male,1
662,21,2241,4,2,50,2,A14,A32,A42,A61,A75,A101,A121,A143,A152,A173,1,A191,A201,male,0
663,6,1050,4,1,35,2,A12,A33,A42,A61,A71,A101,A122,A142,A152,A174,1,A192,A201,male,0
664,6,1047,2,4,50,1,A13,A34,A46,A61,A73,A101,A122,A143,A152,A172,1,A191,A201,female,0
665,24,6314,4,2,27,2,A14,A34,A410,A61,A71,A102,A124,A141,A152,A174,1,A192,A201,male,0
666,30,3496,4,2,34,1,A12,A31,A42,A64,A73,A101,A123,A142,A152,A173,2,A192,A201,male,0
667,48,3609,1,1,27,1,A14,A31,A49,A61,A73,A101,A121,A142,A152,A173,1,A191,A201,female,0
668,12,4843,3,4,43,2,A11,A34,A40,A61,A75,A102,A122,A143,A151,A173,1,A192,A201,male,1
669,30,3017,4,4,47,1,A13,A34,A43,A61,A75,A101,A122,A143,A152,A173,1,A191,A201,male,0
670,24,4139,3,3,27,2,A14,A34,A49,A62,A73,A101,A122,A143,A152,A172,1,A192,A201,male,0
671,36,5742,2,2,31,2,A14,A32,A49,A62,A74,A101,A123,A143,A152,A173,1,A192,A201,male,0
672,60,10366,2,4,42,1,A14,A32,A40,A61,A75,A101,A122,A143,A152,A174,1,A192,A201,male,0
673,6,2080,1,2,24,1,A14,A34,A40,A63,A73,A101,A123,A143,A152,A173,1,A191,A201,male,0
674,21,2580,4,2,41,1,A14,A33,A49,A63,A72,A101,A121,A141,A152,A172,2,A191,A201,male,1
675,30,4530,4,4,26,1,A14,A34,A43,A61,A74,A101,A123,A143,A151,A174,1,A192,A201,female,0
676,24,5150,4,4,33,1,A14,A34,A42,A61,A75,A101,A123,A143,A152,A173,1,A192,A201,male,0
677,72,5595,2,2,24,1,A12,A32,A43,A62,A73,A101,A123,A143,A152,A173,1,A191,A201,male,1
678,24,2384,4,4,64,1,A11,A32,A43,A61,A75,A101,A121,A141,A151,A172,1,A191,A201,male,0
679,18,1453,3,1,26,1,A14,A32,A43,A61,A72,A101,A121,A143,A152,A173,1,A191,A201,female,0
680,6,1538,1,2,56,1,A14,A32,A46,A61,A72,A101,A124,A143,A152,A173,1,A191,A201,female,0
681,12,2279,4,4,37,1,A14,A32,A43,A65,A73,A101,A124,A143,A153,A173,1,A192,A201,male,0
682,15,1478,4,3,33,2,A14,A33,A43,A61,A73,A101,A121,A141,A152,A173,1,A191,A201,male,0
683,24,5103,3,3,47,3,A14,A34,A43,A61,A72,A101,A124,A143,A153,A173,1,A192,A201,male,0
684,36,9857,1,3,31,2,A12,A33,A49,A62,A74,A101,A122,A143,A152,A172,2,A192,A201,male,0
685,60,6527,4,4,34,1,A14,A32,A40,A65,A73,A101,A124,A143,A153,A173,2,A192,A201,male,0
686,10,1347,4,2,27,2,A13,A34,A43,A65,A74,A101,A122,A143,A152,A173,1,A192,A201,male,0
687,36,2862,4,3,30,1,A12,A33,A40,A62,A75,A101,A124,A143,A153,A173,1,A191,A201,male,0
688,9,2753,3,4,35,1,A14,A32,A43,A62,A75,A102,A123,A143,A152,A173,1,A192,A201,male,0
689,12,3651,1,3,31,1,A11,A32,A40,A64,A73,A101,A122,A143,A152,A173,2,A191,A201,male,0
690,15,975,2,3,25,2,A11,A34,A42,A61,A73,A101,A122,A143,A152,A173,1,A191,A201,male,0
691,15,2631,3,2,25,1,A12,A32,A45,A62,A73,A101,A121,A143,A152,A172,1,A191,A201,female,0
692,24,2896,2,1,29,1,A12,A32,A43,A62,A72,A101,A123,A143,A152,A173,1,A191,A201,male,0
693,6,4716,1,3,44,2,A11,A34,A40,A65,A72,A101,A121,A143,A152,A172,2,A191,A201,male,0
694,24,2284,4,2,28,1,A14,A32,A43,A61,A74,A101,A123,A143,A152,A173,1,A192,A201,male,0
695,6,1236,2,4,50,1,A14,A32,A41,A63,A73,A101,A122,A143,A151,A173,1,A191,A201,male,0
696,12,1103,4,3,29,2,A12,A32,A43,A61,A74,A103,A121,A143,A152,A173,1,A191,A202,male,0
697,12,926,1,2,38,1,A14,A34,A40,A61,A71,A101,A122,A143,A152,A171,1,A191,A201,female,0
698,18,1800,4,2,24,2,A14,A34,A43,A61,A73,A101,A123,A143,A152,A173,1,A191,A201,male,0
699,15,1905,4,4,40,1,A13,A32,A46,A61,A75,A101,A123,A143,A151,A174,1,A192,A201,male,0
700,12,1123,4,4,29,1,A14,A32,A42,A63,A73,A101,A123,A143,A151,A172,1,A191,A201,female,1
701,48,6331,4,4,46,2,A11,A34,A41,A61,A75,A101,A124,A143,A153,A173,1,A192,A201,male,1
702,24,1377,4,2,47,1,A13,A32,A43,A62,A75,A101,A124,A143,A153,A173,1,A192,A201,female,0
703,30,2503,4,2,41,2,A12,A33,A49,A62,A75,A101,A122,A142,A152,A173,1,A191,A201,male,0
704,27,2528,4,1,32,1,A12,A32,A49,A61,A72,A101,A122,A143,A152,A173,2,A192,A201,female,0
705,15,5324,1,4,35,1,A14,A32,A40,A63,A75,A101,A124,A143,A153,A173,1,A191,A201,female,0
706,48,6560,3,2,24,1,A12,A32,A40,A62,A74,A101,A122,A143,A152,A173,1,A191,A201,male,1
707,12,2969,4,3,25,2,A12,A30,A42,A61,A72,A101,A122,A143,A151,A173,1,A191,A201,female,1
708,9,1206,4,4,25,1,A12,A32,A43,A61,A75,A101,A121,A143,A152,A173,1,A191,A201,female,0
709,9,2118,2,2,37,1,A12,A32,A43,A61,A73,A101,A121,A143,A152,A172,2,A191,A201,male,0
710,18,629,4,3,32,2,A14,A34,A43,A63,A75,A101,A122,A141,A152,A174,1,A192,A201,male,0
711,6,1198,4,4,35,1,A11,A31,A46,A61,A75,A101,A124,A143,A153,A173,1,A191,A201,female,1
712,21,2476,4,4,46,1,A14,A32,A41,A65,A75,A101,A121,A143,A152,A174,1,A192,A201,male,0
713,9,1138,4,4,25,2,A11,A34,A43,A61,A73,A101,A121,A143,A152,A172,1,A191,A201,male,0
714,60,14027,4,2,27,1,A12,A32,A40,A61,A74,A101,A124,A143,A152,A174,1,A192,A201,male,1
715,30,7596,1,4,63,2,A14,A34,A41,A65,A75,A101,A123,A143,A152,A173,1,A191,A201,male,0
716,30,3077,3,2,40,2,A14,A34,A43,A65,A75,A101,A123,A143,A152,A173,2,A192,A201,male,0
717,18,1505,4,2,32,1,A14,A32,A43,A61,A73,A101,A124,A143,A153,A174,1,A192,A201,male,0
718,24,3148,3,2,31,2,A13,A34,A43,A65,A73,A101,A123,A143,A152,A173,1,A192,A201,male,0
719,20,6148,3,4,31,2,A12,A30,A41,A62,A75,A101,A123,A141,A152,A173,1,A192,A201,male,0
720,9,1337,4,2,34,2,A13,A30,A43,A61,A72,A101,A123,A143,A152,A174,1,A192,A201,male,1
721,6,433,4,2,24,1,A12,A31,A46,A64,A72,A101,A122,A141,A151,A173,2,A191,A201,female,1
722,12,1228,4,2,24,1,A11,A32,A40,A61,A73,A101,A121,A143,A152,A172,1,A191,A201,female,1
723,9,790,4,3,66,1,A12,A32,A43,A63,A73,A101,A121,A143,A152,A172,1,A191,A201,female,0
724,27,2570,3,3,21,1,A14,A32,A40,A61,A73,A101,A121,A143,A151,A173,1,A191,A201,female,1
725,6,250,2,2,41,2,A14,A34,A40,A64,A73,A101,A121,A141,A152,A172,1,A191,A201,female,0
726,15,1316,2,2,47,2,A14,A34,A43,A63,A73,A101,A122,A143,A152,A172,1,A191,A201,male,0
727,18,1882,4,4,25,2,A11,A32,A43,A61,A73,A101,A123,A141,A151,A173,1,A191,A201,female,1
728,48,6416,4,3,59,1,A12,A31,A49,A61,A75,A101,A124,A143,A151,A173,1,A191,A201,female,1
729,24,1275,2,4,36,2,A13,A34,A49,A64,A73,A101,A121,A143,A152,A173,1,A192,A201,male,0
730,24,6403,1,2,33,1,A12,A33,A43,A61,A72,A101,A123,A143,A152,A173,1,A191,A201,male,0
731,24,1987,2,4,21,1,A11,A32,A43,A61,A73,A101,A121,A143,A151,A172,2,A191,A201,male,1
732,8,760,4,2,44,1,A12,A32,A43,A61,A74,A103,A121,A143,A152,A172,1,A191,A201,female,0
733,24,2603,2,4,28,1,A14,A32,A41,A64,A73,A101,A123,A143,A151,A173,1,A192,A201,female,0
734,4,3380,1,1,37,1,A14,A34,A40,A61,A74,A101,A121,A143,A152,A173,2,A191,A201,female,0
735,36,3990,3,2,29,1,A12,A31,A44,A65,A72,A101,A124,A141,A152,A171,1,A191,A201,female,0
736,24,11560,1,4,23,2,A12,A32,A41,A61,A73,A101,A123,A143,A151,A174,1,A191,A201,female,1
737,18,4380,3,4,35,1,A11,A32,A40,A62,A73,A101,A123,A143,A152,A172,2,A192,A201,male,0
738,6,6761,1,3,45,2,A14,A34,A40,A61,A74,A101,A124,A143,A152,A174,2,A192,A201,male,0
739,30,4280,4,4,26,2,A12,A30,A49,A62,A73,A101,A123,A143,A151,A172,1,A191,A201,female,1
740,24,2325,2,3,32,1,A11,A31,A40,A62,A74,A101,A123,A141,A152,A173,1,A191,A201,male,0
741,10,1048,4,4,23,1,A12,A31,A43,A61,A73,A101,A121,A142,A152,A172,1,A191,A201,male,0
742,21,3160,4,3,41,1,A14,A32,A43,A65,A75,A101,A122,A143,A152,A173,1,A192,A201,male,0
743,24,2483,4,4,22,1,A11,A31,A42,A63,A73,A101,A121,A142,A152,A173,1,A192,A201,male,0
744,39,14179,4,4,30,2,A11,A34,A42,A65,A74,A101,A122,A143,A152,A174,1,A192,A201,male,0
745,13,1797,3,1,28,2,A11,A34,A49,A61,A72,A101,A122,A141,A152,A172,1,A191,A201,male,0
746,15,2511,1,4,23,1,A11,A32,A40,A61,A71,A101,A123,A143,A151,A173,1,A191,A201,female,0
747,12,1274,3,1,37,1,A11,A32,A40,A61,A72,A101,A121,A143,A152,A172,1,A191,A201,female,1
748,21,5248,1,3,26,1,A14,A32,A41,A65,A73,A101,A123,A143,A152,A173,1,A191,A201,male,0
749,15,3029,2,2,33,1,A14,A32,A41,A61,A74,A101,A123,A143,A152,A173,1,A191,A201,male,0
750,6,428,2,1,49,1,A11,A32,A42,A61,A75,A101,A122,A141,A152,A173,1,A192,A201,female,0
751,18,976,1,2,23,1,A11,A32,A40,A61,A72,A101,A123,A143,A152,A172,1,A191,A201,female,1
752,12,841,2,4,23,1,A12,A32,A49,A62,A74,A101,A121,A143,A151,A172,1,A191,A201,female,0
753,30,5771,4,2,25,2,A14,A34,A43,A61,A74,A101,A123,A143,A152,A173,1,A191,A201,female,0
754,12,1555,4,4,55,2,A14,A33,A45,A64,A75,A101,A124,A143,A153,A173,2,A191,A201,male,1
755,24,1285,4,4,32,1,A11,A32,A40,A65,A74,A101,A124,A143,A151,A173,1,A191,A201,female,1
756,6,1299,1,1,74,3,A13,A34,A40,A61,A73,A101,A121,A143,A152,A171,2,A191,A202,male,0
757,15,1271,3,4,39,2,A13,A34,A43,A65,A73,A101,A124,A143,A153,A173,1,A192,A201,male,1
758,24,1393,2,2,31,1,A14,A32,A40,A61,A73,A103,A121,A143,A152,A173,1,A192,A201,male,0
759,12,691,4,3,35,2,A11,A34,A40,A61,A75,A101,A122,A143,A152,A173,1,A191,A201,male,1
760,15,5045,1,4,59,1,A14,A34,A40,A65,A75,A101,A123,A143,A152,A173,1,A192,A201,female,0
761,18,2124,4,4,24,2,A11,A34,A42,A61,A73,A101,A121,A143,A151,A173,1,A191,A201,female,1
762,12,2214,4,3,24,1,A11,A32,A43,A61,A73,A101,A122,A143,A152,A172,1,A191,A201,male,0
763,21,12680,4,4,30,1,A14,A34,A40,A65,A75,A101,A124,A143,A153,A174,1,A192,A201,male,1
764,24,2463,4,3,27,2,A14,A34,A40,A62,A74,A101,A122,A143,A152,A173,1,A192,A201,male,0
765,12,1155,3,3,40,2,A12,A32,A43,A61,A75,A103,A121,A141,A152,A172,1,A191,A201,male,0
766,30,3108,2,4,31,1,A11,A32,A42,A61,A72,A101,A122,A143,A152,A172,1,A191,A201,male,1
767,10,2901,1,4,31,1,A14,A32,A41,A65,A72,A101,A121,A143,A151,A173,1,A191,A201,female,0
768,12,3617,1,4,28,3,A12,A34,A42,A61,A75,A101,A123,A143,A151,A173,1,A192,A201,male,0
769,12,1655,2,4,63,2,A14,A34,A43,A61,A75,A101,A121,A143,A152,A172,1,A192,A201,male,0
770,24,2812,2,4,26,1,A11,A32,A41,A65,A75,A101,A121,A143,A151,A173,1,A191,A201,female,0
771,36,8065,3,2,25,2,A11,A34,A46,A61,A73,A101,A124,A143,A152,A174,1,A192,A201,female,1
772,21,3275,1,4,36,1,A14,A34,A41,A61,A75,A101,A123,A143,A152,A174,1,A192,A201,male,0
773,24,2223,4,4,52,2,A14,A34,A43,A62,A75,A101,A122,A141,A152,A173,1,A191,A201,male,0
774,12,1480,2,4,66,3,A13,A34,A40,A63,A71,A101,A124,A141,A153,A171,1,A191,A201,male,0
775,24,1371,4,4,25,1,A11,A32,A40,A65,A73,A101,A121,A143,A151,A173,1,A191,A201,female,1
776,36,3535,4,4,37,2,A14,A34,A40,A61,A74,A101,A123,A143,A152,A173,1,A192,A201,male,0
777,18,3509,4,1,25,1,A11,A32,A43,A61,A74,A103,A121,A143,A152,A173,1,A191,A201,female,0
778,36,5711,4,2,38,2,A14,A34,A41,A64,A75,A101,A123,A143,A152,A174,1,A192,A201,male,0
779,18,3872,2,4,67,1,A12,A32,A45,A61,A71,A101,A123,A143,A152,A173,1,A192,A201,female,0
780,39,4933,2,2,25,2,A12,A34,A43,A61,A74,A103,A121,A143,A152,A173,1,A191,A201,male,1
781,24,1940,4,4,60,1,A14,A34,A40,A64,A75,A101,A121,A143,A152,A173,1,A192,A201,male,0
782,12,1410,2,2,31,1,A12,A30,A48,A61,A73,A101,A121,A143,A152,A172,1,A192,A201,male,0
783,12,836,4,2,23,1,A12,A32,A40,A62,A72,A101,A122,A141,A152,A172,1,A191,A201,female,1
784,20,6468,1,4,60,1,A12,A32,A41,A65,A71,A101,A121,A143,A152,A174,1,A192,A201,male,0
785,18,1941,4,2,35,1,A12,A32,A49,A64,A73,A101,A122,A143,A152,A172,1,A192,A201,male,0
786,22,2675,3,4,40,1,A14,A32,A43,A63,A75,A101,A123,A143,A152,A173,1,A191,A201,male,0
787,48,2751,4,3,38,2,A14,A34,A41,A65,A75,A101,A123,A143,A152,A173,2,A192,A201,male,0
788,48,6224,4,4,50,1,A12,A33,A46,A61,A75,A101,A124,A143,A153,A173,1,A191,A201,male,1
789,40,5998,4,3,27,1,A11,A34,A46,A61,A73,A101,A124,A141,A152,A173,1,A192,A201,male,1
790,21,1188,2,4,39,1,A12,A32,A49,A61,A75,A101,A122,A143,A152,A173,2,A191,A201,female,1
791,24,6313,3,4,41,1,A14,A32,A41,A65,A75,A101,A123,A143,A152,A174,2,A192,A201,male,0
792,6,1221,1,2,27,2,A14,A34,A42,A65,A73,A101,A122,A143,A152,A173,1,A191,A201,male,0
793,24,2892,3,4,51,1,A13,A32,A42,A61,A75,A101,A124,A143,A153,A173,1,A191,A201,male,0
794,24,3062,4,3,32,1,A14,A32,A42,A63,A75,A101,A124,A143,A151,A173,1,A192,A201,male,0
795,9,2301,2,4,22,1,A14,A32,A42,A62,A72,A101,A122,A143,A151,A173,1,A191,A201,female,0
796,18,7511,1,4,51,1,A11,A32,A41,A65,A75,A101,A122,A143,A153,A173,2,A192,A201,male,1
797,12,1258,2,4,22,2,A14,A34,A42,A61,A72,A101,A122,A143,A151,A172,1,A191,A201,female,0
798,24,717,4,4,54,2,A14,A33,A40,A65,A75,A101,A123,A143,A152,A173,1,A192,A201,male,0
799,9,1549,4,2,35,1,A12,A32,A40,A65,A72,A101,A121,A143,A152,A171,1,A191,A201,male,0
800,24,1597,4,4,54,2,A14,A34,A46,A61,A75,A101,A124,A143,A153,A173,2,A191,A201,male,0
801,18,1795,3,4,48,2,A12,A34,A43,A61,A75,A103,A121,A141,A151,A172,1,A192,A201,female,0
802,20,4272,1,4,24,2,A11,A34,A42,A61,A75,A101,A122,A143,A152,A173,1,A191,A201,female,0
803,12,976,4,4,35,2,A14,A34,A43,A65,A75,A101,A123,A143,A152,A173,1,A191,A201,male,0
804,12,7472,1,2,24,1,A12,A32,A40,A65,A71,A101,A121,A143,A151,A171,1,A191,A201,female,0
805,36,9271,2,1,24,1,A11,A32,A40,A61,A74,A101,A123,A143,A152,A173,1,A192,A201,male,1
806,6,590,3,3,26,1,A12,A32,A43,A61,A72,A101,A121,A143,A152,A172,1,A191,A202,male,0
807,12,930,4,4,65,4,A14,A34,A43,A65,A75,A101,A121,A143,A152,A173,1,A191,A201,male,0
808,42,9283,1,2,55,1,A12,A31,A41,A61,A71,A101,A124,A141,A153,A174,1,A192,A201,male,0
809,15,1778,2,1,26,2,A12,A30,A40,A61,A72,A101,A121,A143,A151,A171,1,A191,A201,female,1
810,8,907,3,2,26,1,A12,A32,A49,A61,A72,A101,A121,A143,A152,A173,1,A192,A201,male,0
811,6,484,3,3,28,1,A12,A32,A43,A61,A74,A103,A121,A141,A152,A172,1,A191,A201,male,0
812,36,9629,4,4,24,2,A11,A34,A41,A61,A74,A101,A123,A143,A152,A173,1,A192,A201,male,1
813,48,3051,3,4,54,1,A11,A32,A44,A61,A73,A101,A123,A143,A152,A173,1,A191,A201,male,1
814,48,3931,4,4,46,1,A11,A32,A40,A61,A74,A101,A124,A143,A153,A173,2,A191,A201,male,1
815,36,7432,2,2,54,1,A12,A33,A40,A61,A73,A101,A122,A143,A151,A173,1,A191,A201,female,0
816,6,1338,1,4,62,1,A14,A32,A44,A63,A73,A101,A121,A143,A152,A173,1,A191,A201,male,0
817,6,1554,1,2,24,2,A14,A34,A43,A61,A74,A101,A123,A143,A151,A173,1,A192,A201,female,0
818,36,15857,2,3,43,1,A11,A32,A410,A61,A71,A102,A123,A143,A152,A174,1,A191,A201,male,0
819,18,1345,4,3,26,1,A11,A32,A43,A61,A73,A101,A121,A141,A152,A173,1,A191,A201,male,1
820,12,1101,3,2,27,2,A14,A32,A40,A61,A73,A101,A121,A143,A152,A173,1,A192,A201,male,0
821,12,3016,3,1,24,1,A13,A32,A43,A61,A73,A101,A123,A143,A152,A173,1,A191,A201,male,0
822,36,2712,2,2,41,1,A11,A32,A42,A61,A75,A101,A122,A141,A152,A173,2,A191,A201,male,1
823,8,731,4,4,47,2,A11,A34,A40,A61,A75,A101,A121,A143,A152,A172,1,A191,A201,male,0
824,18,3780,3,2,35,2,A14,A34,A42,A61,A72,A101,A123,A143,A152,A174,1,A192,A201,male,0
825,21,1602,4,3,30,2,A11,A34,A40,A61,A75,A101,A123,A143,A152,A173,1,A192,A201,male,0
826,18,3966,1,4,33,3,A11,A34,A40,A61,A75,A101,A121,A141,A151,A173,1,A192,A201,female,1
827,18,4165,2,2,36,2,A14,A30,A49,A61,A73,A101,A123,A142,A152,A173,2,A191,A201,male,1
828,36,8335,3,4,47,1,A11,A32,A41,A65,A75,A101,A124,A143,A153,A173,1,A191,A201,male,1
829,48,6681,4,4,38,1,A12,A33,A49,A65,A73,A101,A124,A143,A153,A173,2,A192,A201,male,0
830,24,2375,4,2,44,2,A14,A33,A49,A63,A73,A101,A123,A143,A152,A173,2,A192,A201,male,0
831,18,1216,4,3,23,1,A11,A32,A40,A61,A72,A101,A123,A143,A151,A173,1,A192,A201,female,1
832,45,11816,2,4,29,2,A11,A30,A49,A61,A75,A101,A123,A143,A151,A173,1,A191,A201,male,1
833,24,5084,2,4,42,1,A12,A32,A43,A65,A75,A101,A123,A143,A152,A173,1,A192,A201,female,0
834,15,2327,2,3,25,1,A13,A32,A43,A61,A72,A101,A121,A143,A152,A172,1,A191,A201,female,1
835,12,1082,4,4,48,2,A11,A30,A40,A61,A73,A101,A123,A141,A152,A173,1,A191,A201,male,1
836,12,886,4,2,21,1,A14,A32,A43,A65,A73,A101,A123,A143,A152,A173,1,A191,A201,female,0
837,4,601,1,3,23,1,A14,A32,A42,A61,A72,A101,A121,A143,A151,A172,2,A191,A201,female,0
838,24,2957,4,4,63,2,A11,A34,A41,A61,A75,A101,A122,A143,A152,A173,1,A192,A201,male,0
839,24,2611,4,3,46,2,A14,A34,A43,A61,A75,A102,A121,A143,A152,A173,1,A191,A201,male,0
840,36,5179,4,2,29,1,A11,A32,A42,A61,A74,A101,A122,A143,A152,A173,1,A191,A201,male,1
841,21,2993,3,2,28,2,A14,A33,A41,A61,A73,A101,A121,A142,A152,A172,1,A191,A201,male,0
842,18,1943,4,4,23,1,A14,A32,A45,A61,A72,A101,A121,A143,A152,A173,1,A191,A201,female,1
843,24,1559,4,4,50,1,A14,A31,A49,A61,A74,A101,A123,A141,A152,A173,1,A192,A201,male,0
844,18,3422,4,4,47,3,A14,A32,A42,A61,A75,A101,A122,A141,A152,A173,2,A192,A201,male,0
845,21,3976,2,3,35,1,A12,A32,A42,A65,A74,A101,A123,A143,A152,A173,1,A192,A201,male,0
846,18,6761,2,4,68,2,A14,A32,A40,A65,A73,A101,A123,A143,A151,A173,1,A191,A201,male,1
847,24,1249,4,2,28,1,A14,A32,A40,A61,A72,A101,A121,A143,A152,A173,1,A191,A201,male,0
848,9,1364,3,4,59,1,A11,A32,A43,A61,A74,A101,A121,A143,A152,A173,1,A191,A201,male,0
849,12,709,4,4,57,1,A11,A32,A43,A61,A75,A101,A121,A142,A152,A172,1,A191,A201,male,1
850,20,2235,4,2,33,2,A11,A34,A40,A61,A73,A103,A122,A141,A151,A173,1,A191,A202,male,1
851,24,4042,3,4,43,2,A14,A34,A41,A65,A74,A101,A122,A143,A152,A173,1,A192,A201,male,0
852,15,1471,4,4,35,2,A14,A34,A43,A61,A73,A101,A124,A143,A153,A173,1,A192,A201,male,0
853,18,1442,4,4,32,2,A11,A31,A40,A61,A74,A101,A124,A143,A153,A172,2,A191,A201,male,1
854,36,10875,2,2,45,2,A14,A33,A40,A61,A75,A101,A123,A143,A152,A173,2,A192,A201,male,0
855,24,1474,4,3,33,1,A14,A32,A40,A62,A72,A101,A121,A143,A152,A173,1,A192,A201,male,0
856,10,894,4,3,40,1,A14,A32,A48,A65,A74,A101,A122,A143,A152,A173,1,A192,A201,female,0
857,15,3343,4,2,28,1,A14,A34,A42,A61,A73,A101,A124,A143,A153,A173,1,A192,A201,male,0
858,15,3959,3,2,29,1,A11,A32,A40,A61,A73,A101,A122,A143,A152,A173,1,A192,A201,female,1
859,9,3577,1,2,26,1,A14,A32,A40,A62,A73,A103,A121,A143,A151,A173,2,A191,A202,male,0
860,24,5804,4,2,27,2,A14,A34,A41,A64,A73,A101,A121,A143,A152,A173,1,A191,A201,male,0
861,18,2169,4,2,28,1,A14,A33,A49,A61,A73,A101,A123,A143,A152,A173,1,A192,A201,male,1
862,24,2439,4,4,35,1,A11,A32,A43,A61,A72,A101,A121,A143,A152,A173,1,A192,A201,female,1
863,27,4526,4,2,32,2,A14,A34,A42,A64,A72,A101,A121,A142,A152,A172,2,A192,A201,male,0
864,10,2210,2,2,25,1,A14,A32,A42,A61,A73,A101,A121,A141,A151,A172,1,A191,A201,male,1
865,15,2221,2,4,20,1,A14,A32,A42,A63,A73,A101,A123,A143,A151,A173,1,A191,A201,female,0
866,18,2389,4,1,27,1,A11,A32,A43,A61,A72,A101,A123,A142,A152,A173,1,A191,A201,female,0
867,12,3331,2,4,42,1,A14,A34,A42,A61,A75,A101,A122,A142,A152,A173,1,A191,A201,male,0
868,36,7409,3,2,37,2,A14,A32,A49,A65,A75,A101,A122,A143,A152,A173,1,A191,A201,male,0
869,12,652,4,4,24,1,A11,A32,A42,A61,A75,A101,A122,A143,A151,A173,1,A191,A201,female,0
870,36,7678,2,4,40,2,A14,A33,A42,A63,A74,A101,A123,A143,A152,A173,1,A192,A201,female,0
871,6,1343,1,4,46,2,A13,A34,A40,A61,A75,A101,A121,A143,A152,A173,2,A191,A202,male,0
872,24,1382,4,1,26,2,A11,A34,A49,A62,A74,A101,A121,A143,A152,A173,1,A192,A201,male,0
873,15,874,4,1,24,1,A14,A32,A44,A65,A72,A101,A121,A143,A152,A173,1,A191,A201,female,0
874,12,3590,2,2,29,1,A11,A32,A42,A61,A73,A102,A122,A143,A152,A172,2,A191,A201,male,0
875,11,1322,4,4,40,2,A12,A34,A40,A64,A73,A101,A123,A143,A152,A173,1,A191,A201,female,0
876,18,1940,3,4,36,1,A11,A31,A43,A61,A72,A102,A124,A141,A153,A174,1,A192,A201,male,0
877,36,3595,4,2,28,1,A14,A32,A43,A61,A75,A101,A123,A143,A152,A173,1,A191,A201,male,0
878,9,1422,3,2,27,1,A11,A32,A40,A61,A72,A101,A124,A143,A153,A174,1,A192,A201,male,1
879,30,6742,2,3,36,2,A14,A34,A43,A65,A74,A101,A122,A143,A152,A173,1,A191,A201,male,0
880,24,7814,3,3,38,1,A14,A32,A41,A61,A74,A101,A123,A143,A152,A174,1,A192,A201,male,0
881,24,9277,2,4,48,1,A14,A32,A41,A65,A73,A101,A124,A143,A153,A173,1,A192,A201,male,0
882,30,2181,4,4,36,2,A12,A34,A40,A65,A75,A101,A121,A143,A152,A173,1,A191,A201,male,0
883,18,1098,4,4,65,2,A14,A34,A43,A61,A71,A101,A123,A143,A152,A171,1,A191,A201,female,0
884,24,4057,3,3,43,1,A12,A32,A42,A61,A74,A101,A123,A143,A152,A173,1,A192,A201,male,1
885,12,795,4,4,53,1,A11,A32,A46,A61,A72,A101,A122,A143,A152,A173,1,A191,A201,female,1
886,24,2825,4,3,34,2,A12,A34,A49,A65,A74,A101,A124,A143,A152,A173,2,A192,A201,male,0
887,48,15672,2,2,23,1,A12,A32,A49,A61,A73,A101,A123,A143,A152,A173,1,A192,A201,male,1
888,36,6614,4,4,34,2,A14,A34,A40,A61,A75,A101,A123,A143,A152,A174,1,A192,A201,male,0
889,28,7824,3,4,40,2,A14,A31,A41,A65,A72,A103,A121,A141,A151,A173,2,A192,A201,male,0
890,27,2442,4,4,43,4,A11,A34,A49,A61,A75,A101,A123,A142,A152,A174,2,A192,A201,male,0
891,15,1829,4,4,46,2,A14,A34,A43,A61,A75,A101,A123,A143,A152,A173,1,A192,A201,male,0
892,12,2171,4,4,38,2,A11,A34,A40,A61,A73,A101,A122,A141,A152,A172,1,A191,A202,male,0
893,36,5800,3,4,34,2,A12,A34,A41,A61,A73,A101,A123,A143,A152,A173,1,A192,A201,male,0
894,18,1169,4,3,29,2,A14,A34,A43,A65,A73,A101,A122,A143,A152,A173,1,A192,A201,male,0
895,36,8947,3,2,31,1,A14,A33,A41,A65,A74,A101,A123,A142,A152,A174,2,A192,A201,male,0
896,21,2606,4,4,28,1,A11,A32,A43,A61,A72,A101,A122,A143,A151,A174,1,A192,A201,female,0
897,12,1592,3,2,35,1,A14,A34,A42,A64,A74,A101,A122,A143,A152,A173,1,A191,A202,female,0
898,15,2186,1,4,33,1,A14,A32,A42,A65,A74,A101,A121,A141,A151,A172,1,A191,A201,female,0
899,18,4153,2,3,42,1,A11,A32,A42,A61,A73,A102,A123,A143,A152,A173,1,A191,A201,male,1
900,16,2625,2,4,43,1,A11,A34,A40,A61,A75,A103,A122,A141,A151,A173,1,A192,A201,male,1
901,20,3485,2,4,44,2,A14,A34,A40,A65,A72,A101,A121,A143,A152,A173,1,A192,A201,male,0
902,36,10477,2,4,42,2,A14,A34,A41,A65,A75,A101,A124,A143,A153,A173,1,A191,A201,male,0
903,15,1386,4,2,40,1,A14,A32,A43,A65,A73,A101,A121,A143,A151,A173,1,A192,A201,male,0
904,24,1278,4,1,36,1,A14,A32,A43,A61,A75,A101,A121,A143,A152,A174,1,A192,A201,male,0
905,12,1107,2,2,20,1,A11,A32,A43,A61,A73,A101,A121,A143,A151,A174,2,A192,A201,male,0
906,21,3763,2,2,24,1,A11,A32,A40,A65,A74,A102,A121,A143,A152,A172,1,A191,A202,male,0
907,36,3711,2,2,27,1,A12,A32,A46,A65,A73,A101,A123,A143,A152,A173,1,A191,A201,male,0
908,15,3594,1,2,46,2,A14,A33,A41,A61,A72,A101,A122,A143,A152,A172,1,A191,A201,female,0
909,9,3195,1,2,33,1,A12,A32,A40,A65,A73,A101,A121,A143,A152,A172,1,A191,A201,female,0
910,36,4454,4,4,34,2,A14,A33,A43,A61,A73,A101,A121,A143,A152,A173,1,A191,A201,female,0
911,24,4736,2,4,25,1,A12,A34,A42,A61,A72,A101,A123,A141,A152,A172,1,A191,A201,female,1
912,30,2991,2,4,25,1,A12,A32,A43,A65,A75,A101,A123,A143,A152,A173,1,A191,A201,female,0
913,11,2142,1,2,28,1,A14,A32,A49,A64,A75,A101,A121,A143,A152,A173,1,A192,A201,male,0
914,24,3161,4,2,31,1,A11,A31,A49,A61,A73,A101,A122,A143,A151,A173,1,A192,A201,male,1
915,48,18424,1,2,32,1,A12,A30,A410,A61,A73,A101,A122,A141,A152,A174,1,A192,A202,female,1
916,10,2848,1,2,32,1,A14,A32,A41,A62,A73,A102,A121,A143,A152,A173,2,A191,A201,male,0
917,6,14896,1,4,68,1,A11,A32,A40,A61,A75,A101,A124,A141,A152,A174,1,A192,A201,male,1
918,24,2359,1,1,33,1,A11,A32,A42,A62,A71,A101,A122,A143,A152,A173,1,A191,A201,male,1
919,24,3345,4,2,39,1,A11,A32,A42,A61,A75,A101,A122,A143,A151,A174,1,A192,A201,male,1
920,18,1817,4,2,28,2,A14,A34,A42,A61,A73,A101,A124,A143,A152,A173,1,A191,A201,female,0
921,48,12749,4,1,37,1,A14,A33,A43,A63,A74,A101,A123,A143,A152,A174,1,A192,A201,male,0
922,9,1366,3,4,22,1,A11,A32,A43,A61,A72,A101,A122,A143,A151,A173,1,A191,A201,female,1
923,12,2002,3,4,30,1,A12,A32,A40,A61,A74,A101,A122,A143,A151,A173,2,A192,A201,male,0
924,24,6872,2,1,55,1,A11,A31,A42,A61,A72,A101,A122,A141,A152,A173,1,A192,A201,male,1
925,12,697,4,2,46,2,A11,A31,A40,A61,A72,A101,A123,A141,A152,A173,1,A192,A201,male,1
926,18,1049,4,4,21,1,A11,A34,A42,A61,A72,A101,A122,A143,A151,A173,1,A191,A201,female,0
927,48,10297,4,4,39,3,A11,A32,A41,A61,A74,A101,A124,A142,A153,A173,2,A192,A201,male,1
928,30,1867,4,4,58,1,A14,A32,A43,A65,A75,A101,A123,A143,A152,A173,1,A192,A201,male,0
929,12,1344,4,2,43,2,A11,A33,A40,A61,A73,A101,A121,A143,A152,A172,2,A191,A201,male,0
930,24,1747,4,1,24,1,A11,A32,A42,A61,A72,A102,A122,A143,A152,A172,1,A191,A202,male,0
931,9,1670,4,2,22,1,A12,A32,A43,A61,A72,A101,A123,A143,A152,A173,1,A192,A201,female,1
932,9,1224,3,1,30,2,A14,A34,A40,A61,A73,A101,A121,A143,A152,A173,1,A191,A201,male,0
933,12,522,4,4,42,2,A14,A34,A43,A63,A75,A101,A122,A143,A152,A173,2,A192,A201,male,0
934,12,1498,4,1,23,1,A11,A32,A43,A61,A73,A101,A123,A141,A152,A173,1,A191,A201,female,0
935,30,1919,4,3,30,2,A12,A33,A43,A62,A72,A101,A124,A142,A152,A174,1,A191,A201,male,1
936,9,745,3,2,28,1,A13,A32,A43,A61,A73,A101,A121,A143,A152,A172,1,A191,A201,female,1
937,6,2063,4,3,30,1,A12,A32,A43,A61,A72,A101,A123,A143,A151,A174,1,A192,A201,male,0
938,60,6288,4,4,42,1,A12,A32,A46,A61,A73,A101,A124,A143,A153,A173,1,A191,A201,male,1
939,24,6842,2,4,46,2,A14,A34,A41,A65,A73,A101,A122,A143,A152,A174,2,A192,A201,male,0
940,12,3527,2,3,45,1,A14,A32,A40,A65,A72,A101,A122,A143,A152,A174,2,A192,A201,male,0
941,10,1546,3,2,31,1,A14,A32,A40,A61,A73,A101,A121,A143,A152,A172,2,A191,A202,male,0
942,24,929,4,2,31,1,A14,A32,A42,A65,A74,A101,A123,A142,A152,A173,1,A192,A201,male,0
943,4,1455,2,1,42,3,A14,A34,A40,A61,A74,A101,A121,A143,A152,A172,2,A191,A201,male,0
944,15,1845,4,1,46,1,A11,A32,A42,A61,A72,A103,A122,A143,A151,A173,1,A191,A201,female,0
945,48,8358,1,1,30,2,A12,A30,A40,A63,A72,A101,A123,A143,A152,A173,1,A191,A201,female,0
946,24,3349,4,4,30,1,A11,A31,A42,A63,A72,A101,A124,A143,A153,A173,2,A192,A201,male,1
947,12,2859,4,4,38,1,A14,A32,A40,A65,A71,A101,A124,A143,A152,A174,1,A192,A201,male,0
948,18,1533,4,1,43,1,A14,A32,A42,A61,A72,A102,A122,A143,A152,A172,2,A191,A201,male,1
949,24,3621,2,4,31,2,A14,A32,A43,A62,A75,A101,A123,A143,A152,A173,1,A191,A201,male,1
950,18,3590,3,3,40,3,A12,A34,A49,A61,A71,A101,A123,A143,A152,A171,2,A192,A201,male,0
951,36,2145,2,1,24,2,A11,A33,A49,A61,A74,A101,A123,A143,A152,A173,1,A192,A201,male,1
952,24,4113,3,4,28,1,A12,A32,A41,A63,A72,A101,A123,A143,A151,A173,1,A191,A201,female,1
953,36,10974,4,2,26,2,A14,A32,A42,A61,A71,A101,A123,A143,A152,A174,1,A192,A201,female,1
954,12,1893,4,4,29,1,A11,A32,A40,A61,A73,A103,A122,A143,A152,A173,1,A192,A201,female,0
955,24,1231,4,4,57,2,A11,A34,A43,A64,A75,A101,A122,A143,A151,A174,1,A192,A201,female,0
956,30,3656,4,4,49,2,A13,A34,A43,A65,A75,A101,A122,A142,A152,A172,1,A191,A201,male,0
957,9,1154,2,4,37,3,A12,A34,A43,A61,A75,A101,A121,A143,A152,A172,1,A191,A201,male,0
958,28,4006,3,2,45,1,A11,A32,A40,A61,A73,A101,A123,A143,A152,A172,1,A191,A201,male,1
959,24,3069,4,4,30,1,A12,A32,A42,A62,A75,A101,A124,A143,A153,A173,1,A191,A201,male,0
960,6,1740,2,2,30,2,A14,A34,A43,A61,A75,A101,A121,A143,A151,A173,1,A191,A201,male,0
961,21,2353,1,4,47,2,A12,A33,A40,A61,A73,A101,A122,A143,A152,A173,1,A191,A201,male,0
962,15,3556,3,2,29,1,A14,A32,A40,A65,A73,A101,A124,A143,A152,A173,1,A191,A201,male,0
963,24,2397,3,2,35,2,A14,A32,A43,A63,A75,A101,A123,A141,A152,A173,1,A192,A201,male,1
964,6,454,3,1,22,1,A12,A32,A45,A61,A72,A101,A122,A143,A152,A172,1,A191,A201,male,0
965,30,1715,4,1,26,1,A12,A32,A43,A65,A73,A101,A123,A143,A152,A173,1,A191,A201,female,0
966,27,2520,4,2,23,2,A12,A34,A43,A63,A73,A101,A122,A143,A152,A172,1,A191,A201,male,1
967,15,3568,4,2,54,1,A14,A32,A43,A61,A75,A101,A123,A141,A151,A174,1,A192,A201,female,0
968,42,7166,2,4,29,1,A14,A32,A43,A65,A74,A101,A122,A143,A151,A173,1,A192,A201,male,0
969,11,3939,1,2,40,2,A11,A34,A40,A61,A73,A101,A121,A143,A152,A172,2,A191,A201,male,0
970,15,1514,4,2,22,1,A12,A32,A45,A62,A73,A103,A121,A143,A152,A173,1,A191,A201,male,0
971,24,7393,1,4,43,1,A14,A32,A40,A61,A73,A101,A122,A143,A152,A172,2,A191,A201,male,0
972,24,1193,1,4,29,2,A11,A31,A40,A61,A71,A102,A124,A143,A151,A171,1,A191,A201,female,1
973,60,7297,4,4,36,1,A11,A32,A49,A61,A75,A102,A124,A143,A151,A173,1,A191,A201,male,1
974,30,2831,4,2,33,1,A14,A34,A43,A61,A73,A101,A123,A143,A152,A173,1,A192,A201,female,0
975,24,1258,3,3,57,1,A13,A32,A43,A63,A73,A101,A123,A143,A152,A172,1,A191,A201,female,0
976,6,753,2,3,64,1,A12,A32,A43,A61,A73,A103,A121,A143,A152,A173,1,A191,A201,female,0
977,18,2427,4,2,42,2,A12,A33,A49,A65,A75,A101,A122,A143,A152,A173,1,A191,A201,male,0
978,24,2538,4,4,47,2,A14,A33,A40,A61,A75,A101,A123,A143,A152,A172,2,A191,A201,male,1
979,15,1264,2,2,25,1,A12,A31,A40,A62,A73,A101,A122,A143,A151,A173,1,A191,A201,male,1
980,30,8386,2,2,49,1,A12,A34,A42,A61,A74,A101,A122,A143,A152,A173,1,A191,A201,male,1
981,48,4844,3,2,33,1,A14,A32,A49,A61,A71,A101,A123,A141,A151,A174,1,A192,A201,male,1
982,21,2923,1,1,28,1,A13,A32,A40,A62,A73,A101,A123,A141,A152,A174,1,A192,A201,female,0
983,36,8229,2,2,26,1,A11,A32,A41,A61,A73,A101,A122,A143,A152,A173,2,A191,A201,male,1
984,24,2028,2,2,30,2,A14,A34,A42,A61,A74,A101,A122,A143,A152,A172,1,A191,A201,male,0
985,15,1433,4,3,25,2,A11,A34,A42,A61,A73,A101,A122,A143,A151,A173,1,A191,A201,female,0
986,42,6289,2,1,33,2,A13,A30,A49,A61,A72,A101,A122,A143,A152,A173,1,A191,A201,male,0
987,13,1409,2,4,64,1,A14,A32,A43,A62,A71,A101,A121,A143,A152,A173,1,A191,A201,female,0
988,24,6579,4,2,29,1,A11,A32,A41,A61,A71,A101,A124,A143,A153,A174,1,A192,A201,male,0
989,24,1743,4,2,48,2,A12,A34,A43,A61,A75,A101,A122,A143,A152,A172,1,A191,A201,male,0
990,12,3565,2,1,37,2,A14,A34,A46,A65,A72,A101,A122,A143,A152,A172,2,A191,A201,male,0
991,15,1569,4,4,34,1,A14,A31,A43,A62,A75,A101,A123,A141,A152,A172,2,A191,A201,male,0
992,18,1936,2,4,23,2,A11,A32,A43,A65,A74,A101,A123,A143,A151,A172,1,A191,A201,male,0
993,36,3959,4,3,30,1,A11,A32,A42,A61,A71,A101,A122,A143,A152,A174,1,A192,A201,male,0
994,12,2390,4,3,50,1,A14,A32,A40,A65,A75,A101,A123,A143,A152,A173,1,A192,A201,male,0
995,12,1736,3,4,31,1,A14,A32,A42,A61,A74,A101,A121,A143,A152,A172,1,A191,A201,female,0
996,30,3857,4,4,40,1,A11,A32,A41,A61,A73,A101,A122,A143,A152,A174,1,A192,A201,male,0
997,12,804,4,4,38,1,A14,A32,A43,A61,A75,A101,A123,A143,A152,A173,1,A191,A201,male,0
998,45,1845,4,4,23,1,A11,A32,A43,A61,A73,A101,A124,A143,A153,A173,1,A192,A201,male,1
999,45,4576,3,4,27,1,A12,A34,A41,A62,A71,A101,A123,A143,A152,A173,1,A191,A201,male,0
